path	status	case	note
__runner__/runner-smoke.html?runner=smoke	supported	runner smoke
__runner__/runner-smoke.html?runner=smoke	supported	runner worker CSP blocks fetch
__runner__/runner-smoke.html?runner=smoke	supported	runner worker CSP blocks nested workers
dom/collections/domstringmap-supported-property-names.html	supported	Object.getOwnPropertyNames on DOMStringMap, attribute set on dataset in JS
dom/collections/domstringmap-supported-property-names.html	supported	Object.getOwnPropertyNames on DOMStringMap, attribute set on element in JS
dom/collections/domstringmap-supported-property-names.html	supported	Object.getOwnPropertyNames on DOMStringMap, data attribute trailing hyphen
dom/collections/domstringmap-supported-property-names.html	supported	Object.getOwnPropertyNames on DOMStringMap, empty data attribute
dom/collections/domstringmap-supported-property-names.html	supported	Object.getOwnPropertyNames on DOMStringMap, multiple data attributes
dom/lists/DOMTokenList-Iterable.html	supported	DOMTokenList has Symbol.iterator.
dom/lists/DOMTokenList-Iterable.html	deferred	DOMTokenList has entries method.	Known limitation: incomplete DOMTokenList iterable API (values/entries/forEach absent).
dom/lists/DOMTokenList-Iterable.html	deferred	DOMTokenList has forEach method.	Known limitation: incomplete DOMTokenList iterable API (values/entries/forEach absent).
dom/lists/DOMTokenList-Iterable.html	supported	DOMTokenList has length method.
dom/lists/DOMTokenList-Iterable.html	deferred	DOMTokenList has values method.	Known limitation: incomplete DOMTokenList iterable API (values/entries/forEach absent).
dom/lists/DOMTokenList-Iterable.html	supported	DOMTokenList is iterable via for-of loop.
dom/lists/DOMTokenList-iteration.html	supported	classList
dom/lists/DOMTokenList-iteration.html	deferred	classList inheritance from Array.prototype	Known limitation: DOMTokenList iteration methods are not Array.prototype methods.
dom/lists/DOMTokenList-iteration.html	deferred	classList.entries	Known limitation: incomplete DOMTokenList iterable API (keys/values/entries/forEach absent).
dom/lists/DOMTokenList-iteration.html	deferred	classList.forEach	Known limitation: incomplete DOMTokenList iterable API (keys/values/entries/forEach absent).
dom/lists/DOMTokenList-iteration.html	deferred	classList.keys	Known limitation: incomplete DOMTokenList iterable API (keys/values/entries/forEach absent).
dom/lists/DOMTokenList-iteration.html	deferred	classList.values	Known limitation: incomplete DOMTokenList iterable API (keys/values/entries/forEach absent).
dom/nodes/Document-getElementById.html	supported	Calling document.getElementById with a null argument.
dom/nodes/Document-getElementById.html	supported	Calling document.getElementById with an empty string argument.
dom/nodes/Document-getElementById.html	supported	Calling document.getElementById with an undefined argument.
dom/nodes/Document-getElementById.html	supported	Document.getElementById must not return nodes not present in document
dom/nodes/Document-getElementById.html	deferred	Document.getElementById with a script-inserted element	Requires concrete `HTMLDivElement` constructor support.
dom/nodes/Document-getElementById.html	supported	Ensure that the id attribute only affects elements present in a document
dom/nodes/Document-getElementById.html	supported	Inserting an id by inserting its parent node
dom/nodes/Document-getElementById.html	supported	Modern browsers optimize this method with using internal id cache. This test checks that their optimization should effect only append to `Document`, not append to `Node`.
dom/nodes/Document-getElementById.html	deferred	add id attribute via innerHTML	Requires concrete `HTMLDivElement` constructor support.
dom/nodes/Document-getElementById.html	deferred	add id attribute via outerHTML	Requires an `outerHTML` setter.
dom/nodes/Document-getElementById.html	supported	changing attribute's value via `Attr` gotten from `Element.attribute`.
dom/nodes/Document-getElementById.html	supported	in tree order, within the context object's tree
dom/nodes/Document-getElementById.html	deferred	on static page	Requires concrete `HTMLDivElement` constructor support.
dom/nodes/Document-getElementById.html	supported	remove id attribute via innerHTML
dom/nodes/Document-getElementById.html	deferred	remove id attribute via outerHTML	Requires an `outerHTML` setter.
dom/nodes/Document-getElementById.html	supported	update `id` attribute via element.id
dom/nodes/Document-getElementById.html	supported	update `id` attribute via setAttribute/removeAttribute
dom/nodes/Document-getElementById.html	supported	where insertion order and tree order don't match
dom/nodes/Document-getElementsByTagName.html	supported	Caching is allowed
dom/nodes/Document-getElementsByTagName.html	supported	Element in HTML namespace, no prefix, non-ascii characters in name
dom/nodes/Document-getElementsByTagName.html	supported	Element in HTML namespace, prefix, non-ascii characters in name
dom/nodes/Document-getElementsByTagName.html	supported	Element in non-HTML namespace, no prefix, lowercase name
dom/nodes/Document-getElementsByTagName.html	supported	Element in non-HTML namespace, no prefix, uppercase name
dom/nodes/Document-getElementsByTagName.html	supported	Element in non-HTML namespace, non-ascii characters in name
dom/nodes/Document-getElementsByTagName.html	supported	Element in non-HTML namespace, prefix, lowercase name
dom/nodes/Document-getElementsByTagName.html	supported	Element in non-HTML namespace, prefix, non-ascii characters in name
dom/nodes/Document-getElementsByTagName.html	supported	Element in non-HTML namespace, prefix, uppercase name
dom/nodes/Document-getElementsByTagName.html	supported	HTML element with uppercase tagName never matches in HTML Documents
dom/nodes/Document-getElementsByTagName.html	deferred	Interfaces	Requires `HTMLCollection` and exposed collection constructors.
dom/nodes/Document-getElementsByTagName.html	deferred	Should be able to set expando shadowing a proto prop (item)	Requires `HTMLCollection.prototype.item`.
dom/nodes/Document-getElementsByTagName.html	deferred	Should be able to set expando shadowing a proto prop (namedItem)	Requires `HTMLCollection.prototype.namedItem`.
dom/nodes/Document-getElementsByTagName.html	deferred	Shouldn't be able to set unsigned properties on a HTMLCollection (non-strict mode)	Requires Web IDL indexed `HTMLCollection` properties.
dom/nodes/Document-getElementsByTagName.html	deferred	Shouldn't be able to set unsigned properties on a HTMLCollection (strict mode)	Requires Web IDL indexed `HTMLCollection` properties.
dom/nodes/Document-getElementsByTagName.html	deferred	getElementsByTagName('*')	Requires `Node.ELEMENT_NODE` constant support.
dom/nodes/Document-getElementsByTagName.html	deferred	getElementsByTagName() should be a live collection	Requires a live `HTMLCollection`.
dom/nodes/Document-getElementsByTagName.html	deferred	hasOwnProperty, getOwnPropertyDescriptor, getOwnPropertyNames	Requires `HTMLCollection` named property semantics.
dom/nodes/Element-classlist.html	supported	.supports() must throw TypeError (HTML node)
dom/nodes/Element-classlist.html	supported	.supports() must throw TypeError (MathML node)
dom/nodes/Element-classlist.html	supported	.supports() must throw TypeError (XHTML node)
dom/nodes/Element-classlist.html	supported	.supports() must throw TypeError (XML node with null namespace)
dom/nodes/Element-classlist.html	supported	.supports() must throw TypeError (foo node)
dom/nodes/Element-classlist.html	deferred	Assigning to classList (HTML node)	Polyfill limitation: classList assignment is not forwarded to value; the getter-only property throws in strict mode.
dom/nodes/Element-classlist.html	deferred	Assigning to classList (MathML node)	Polyfill limitation: classList assignment is not forwarded to value; the getter-only property throws in strict mode.
dom/nodes/Element-classlist.html	deferred	Assigning to classList (XHTML node)	Polyfill limitation: classList assignment is not forwarded to value; the getter-only property throws in strict mode.
dom/nodes/Element-classlist.html	deferred	Assigning to classList (XML node with null namespace)	Polyfill limitation: classList assignment is not forwarded to value; the getter-only property throws in strict mode.
dom/nodes/Element-classlist.html	deferred	Assigning to classList (foo node)	Polyfill limitation: classList assignment is not forwarded to value; the getter-only property throws in strict mode.
dom/nodes/Element-classlist.html	supported	classList.add(" ") with attribute value null (HTML node)
dom/nodes/Element-classlist.html	supported	classList.add(" ") with attribute value null (MathML node)
dom/nodes/Element-classlist.html	supported	classList.add(" ") with attribute value null (XHTML node)
dom/nodes/Element-classlist.html	supported	classList.add(" ") with attribute value null (XML node with null namespace)
dom/nodes/Element-classlist.html	supported	classList.add(" ") with attribute value null (foo node)
dom/nodes/Element-classlist.html	supported	classList.add(" a") with attribute value null (HTML node)
dom/nodes/Element-classlist.html	supported	classList.add(" a") with attribute value null (MathML node)
dom/nodes/Element-classlist.html	supported	classList.add(" a") with attribute value null (XHTML node)
dom/nodes/Element-classlist.html	supported	classList.add(" a") with attribute value null (XML node with null namespace)
dom/nodes/Element-classlist.html	supported	classList.add(" a") with attribute value null (foo node)
dom/nodes/Element-classlist.html	supported	classList.add("") with attribute value null (HTML node)
dom/nodes/Element-classlist.html	supported	classList.add("") with attribute value null (MathML node)
dom/nodes/Element-classlist.html	supported	classList.add("") with attribute value null (XHTML node)
dom/nodes/Element-classlist.html	supported	classList.add("") with attribute value null (XML node with null namespace)
dom/nodes/Element-classlist.html	supported	classList.add("") with attribute value null (foo node)
dom/nodes/Element-classlist.html	supported	classList.add("AA") with attribute value "aa" (HTML node)
dom/nodes/Element-classlist.html	supported	classList.add("AA") with attribute value "aa" (MathML node)
dom/nodes/Element-classlist.html	supported	classList.add("AA") with attribute value "aa" (XHTML node)
dom/nodes/Element-classlist.html	supported	classList.add("AA") with attribute value "aa" (XML node with null namespace)
dom/nodes/Element-classlist.html	supported	classList.add("AA") with attribute value "aa" (foo node)
dom/nodes/Element-classlist.html	supported	classList.add("\\fa") with attribute value null (HTML node)
dom/nodes/Element-classlist.html	supported	classList.add("\\fa") with attribute value null (MathML node)
dom/nodes/Element-classlist.html	supported	classList.add("\\fa") with attribute value null (XHTML node)
dom/nodes/Element-classlist.html	supported	classList.add("\\fa") with attribute value null (XML node with null namespace)
dom/nodes/Element-classlist.html	supported	classList.add("\\fa") with attribute value null (foo node)
dom/nodes/Element-classlist.html	supported	classList.add("\\na") with attribute value null (HTML node)
dom/nodes/Element-classlist.html	supported	classList.add("\\na") with attribute value null (MathML node)
dom/nodes/Element-classlist.html	supported	classList.add("\\na") with attribute value null (XHTML node)
dom/nodes/Element-classlist.html	supported	classList.add("\\na") with attribute value null (XML node with null namespace)
dom/nodes/Element-classlist.html	supported	classList.add("\\na") with attribute value null (foo node)
dom/nodes/Element-classlist.html	supported	classList.add("\\ra") with attribute value null (HTML node)
dom/nodes/Element-classlist.html	supported	classList.add("\\ra") with attribute value null (MathML node)
dom/nodes/Element-classlist.html	supported	classList.add("\\ra") with attribute value null (XHTML node)
dom/nodes/Element-classlist.html	supported	classList.add("\\ra") with attribute value null (XML node with null namespace)
dom/nodes/Element-classlist.html	supported	classList.add("\\ra") with attribute value null (foo node)
dom/nodes/Element-classlist.html	supported	classList.add("\\ta") with attribute value null (HTML node)
dom/nodes/Element-classlist.html	supported	classList.add("\\ta") with attribute value null (MathML node)
dom/nodes/Element-classlist.html	supported	classList.add("\\ta") with attribute value null (XHTML node)
dom/nodes/Element-classlist.html	supported	classList.add("\\ta") with attribute value null (XML node with null namespace)
dom/nodes/Element-classlist.html	supported	classList.add("\\ta") with attribute value null (foo node)
dom/nodes/Element-classlist.html	supported	classList.add("a ") with attribute value null (HTML node)
dom/nodes/Element-classlist.html	supported	classList.add("a ") with attribute value null (MathML node)
dom/nodes/Element-classlist.html	supported	classList.add("a ") with attribute value null (XHTML node)
dom/nodes/Element-classlist.html	supported	classList.add("a ") with attribute value null (XML node with null namespace)
dom/nodes/Element-classlist.html	supported	classList.add("a ") with attribute value null (foo node)
dom/nodes/Element-classlist.html	supported	classList.add("a") with attribute value "   \\f" (HTML node)
dom/nodes/Element-classlist.html	supported	classList.add("a") with attribute value "   \\f" (MathML node)
dom/nodes/Element-classlist.html	supported	classList.add("a") with attribute value "   \\f" (XHTML node)
dom/nodes/Element-classlist.html	supported	classList.add("a") with attribute value "   \\f" (XML node with null namespace)
dom/nodes/Element-classlist.html	supported	classList.add("a") with attribute value "   \\f" (foo node)
dom/nodes/Element-classlist.html	supported	classList.add("a") with attribute value "   a  a b" (HTML node)
dom/nodes/Element-classlist.html	supported	classList.add("a") with attribute value "   a  a b" (MathML node)
dom/nodes/Element-classlist.html	supported	classList.add("a") with attribute value "   a  a b" (XHTML node)
dom/nodes/Element-classlist.html	supported	classList.add("a") with attribute value "   a  a b" (XML node with null namespace)
dom/nodes/Element-classlist.html	supported	classList.add("a") with attribute value "   a  a b" (foo node)
dom/nodes/Element-classlist.html	supported	classList.add("a") with attribute value " " (HTML node)
dom/nodes/Element-classlist.html	supported	classList.add("a") with attribute value " " (MathML node)
dom/nodes/Element-classlist.html	supported	classList.add("a") with attribute value " " (XHTML node)
dom/nodes/Element-classlist.html	supported	classList.add("a") with attribute value " " (XML node with null namespace)
dom/nodes/Element-classlist.html	supported	classList.add("a") with attribute value " " (foo node)
dom/nodes/Element-classlist.html	supported	classList.add("a") with attribute value "" (HTML node)
dom/nodes/Element-classlist.html	supported	classList.add("a") with attribute value "" (MathML node)
dom/nodes/Element-classlist.html	supported	classList.add("a") with attribute value "" (XHTML node)
dom/nodes/Element-classlist.html	supported	classList.add("a") with attribute value "" (XML node with null namespace)
dom/nodes/Element-classlist.html	supported	classList.add("a") with attribute value "" (foo node)
dom/nodes/Element-classlist.html	supported	classList.add("a") with attribute value "a a a  b" (HTML node)
dom/nodes/Element-classlist.html	supported	classList.add("a") with attribute value "a a a  b" (MathML node)
dom/nodes/Element-classlist.html	supported	classList.add("a") with attribute value "a a a  b" (XHTML node)
dom/nodes/Element-classlist.html	supported	classList.add("a") with attribute value "a a a  b" (XML node with null namespace)
dom/nodes/Element-classlist.html	supported	classList.add("a") with attribute value "a a a  b" (foo node)
dom/nodes/Element-classlist.html	supported	classList.add("a") with attribute value "a b c" (HTML node)
dom/nodes/Element-classlist.html	supported	classList.add("a") with attribute value "a b c" (MathML node)
dom/nodes/Element-classlist.html	supported	classList.add("a") with attribute value "a b c" (XHTML node)
dom/nodes/Element-classlist.html	supported	classList.add("a") with attribute value "a b c" (XML node with null namespace)
dom/nodes/Element-classlist.html	supported	classList.add("a") with attribute value "a b c" (foo node)
dom/nodes/Element-classlist.html	supported	classList.add("a") with attribute value "a" (HTML node)
dom/nodes/Element-classlist.html	supported	classList.add("a") with attribute value "a" (MathML node)
dom/nodes/Element-classlist.html	supported	classList.add("a") with attribute value "a" (XHTML node)
dom/nodes/Element-classlist.html	supported	classList.add("a") with attribute value "a" (XML node with null namespace)
dom/nodes/Element-classlist.html	supported	classList.add("a") with attribute value "a" (foo node)
dom/nodes/Element-classlist.html	supported	classList.add("a") with attribute value null (HTML node)
dom/nodes/Element-classlist.html	supported	classList.add("a") with attribute value null (MathML node)
dom/nodes/Element-classlist.html	supported	classList.add("a") with attribute value null (XHTML node)
dom/nodes/Element-classlist.html	supported	classList.add("a") with attribute value null (XML node with null namespace)
dom/nodes/Element-classlist.html	supported	classList.add("a") with attribute value null (foo node)
dom/nodes/Element-classlist.html	supported	classList.add("a", " ") with attribute value null (HTML node)
dom/nodes/Element-classlist.html	supported	classList.add("a", " ") with attribute value null (MathML node)
dom/nodes/Element-classlist.html	supported	classList.add("a", " ") with attribute value null (XHTML node)
dom/nodes/Element-classlist.html	supported	classList.add("a", " ") with attribute value null (XML node with null namespace)
dom/nodes/Element-classlist.html	supported	classList.add("a", " ") with attribute value null (foo node)
dom/nodes/Element-classlist.html	supported	classList.add("a", "") with attribute value null (HTML node)
dom/nodes/Element-classlist.html	supported	classList.add("a", "") with attribute value null (MathML node)
dom/nodes/Element-classlist.html	supported	classList.add("a", "") with attribute value null (XHTML node)
dom/nodes/Element-classlist.html	supported	classList.add("a", "") with attribute value null (XML node with null namespace)
dom/nodes/Element-classlist.html	supported	classList.add("a", "") with attribute value null (foo node)
dom/nodes/Element-classlist.html	supported	classList.add("a", "a") with attribute value "a b c " (HTML node)
dom/nodes/Element-classlist.html	supported	classList.add("a", "a") with attribute value "a b c " (MathML node)
dom/nodes/Element-classlist.html	supported	classList.add("a", "a") with attribute value "a b c " (XHTML node)
dom/nodes/Element-classlist.html	supported	classList.add("a", "a") with attribute value "a b c " (XML node with null namespace)
dom/nodes/Element-classlist.html	supported	classList.add("a", "a") with attribute value "a b c " (foo node)
dom/nodes/Element-classlist.html	supported	classList.add("a", "aa ") with attribute value null (HTML node)
dom/nodes/Element-classlist.html	supported	classList.add("a", "aa ") with attribute value null (MathML node)
dom/nodes/Element-classlist.html	supported	classList.add("a", "aa ") with attribute value null (XHTML node)
dom/nodes/Element-classlist.html	supported	classList.add("a", "aa ") with attribute value null (XML node with null namespace)
dom/nodes/Element-classlist.html	supported	classList.add("a", "aa ") with attribute value null (foo node)
dom/nodes/Element-classlist.html	supported	classList.add("a", "b") with attribute value "" (HTML node)
dom/nodes/Element-classlist.html	supported	classList.add("a", "b") with attribute value "" (MathML node)
dom/nodes/Element-classlist.html	supported	classList.add("a", "b") with attribute value "" (XHTML node)
dom/nodes/Element-classlist.html	supported	classList.add("a", "b") with attribute value "" (XML node with null namespace)
dom/nodes/Element-classlist.html	supported	classList.add("a", "b") with attribute value "" (foo node)
dom/nodes/Element-classlist.html	supported	classList.add("a", "b") with attribute value null (HTML node)
dom/nodes/Element-classlist.html	supported	classList.add("a", "b") with attribute value null (MathML node)
dom/nodes/Element-classlist.html	supported	classList.add("a", "b") with attribute value null (XHTML node)
dom/nodes/Element-classlist.html	supported	classList.add("a", "b") with attribute value null (XML node with null namespace)
dom/nodes/Element-classlist.html	supported	classList.add("a", "b") with attribute value null (foo node)
dom/nodes/Element-classlist.html	supported	classList.add("a\\f") with attribute value null (HTML node)
dom/nodes/Element-classlist.html	supported	classList.add("a\\f") with attribute value null (MathML node)
dom/nodes/Element-classlist.html	supported	classList.add("a\\f") with attribute value null (XHTML node)
dom/nodes/Element-classlist.html	supported	classList.add("a\\f") with attribute value null (XML node with null namespace)
dom/nodes/Element-classlist.html	supported	classList.add("a\\f") with attribute value null (foo node)
dom/nodes/Element-classlist.html	supported	classList.add("a\\n") with attribute value null (HTML node)
dom/nodes/Element-classlist.html	supported	classList.add("a\\n") with attribute value null (MathML node)
dom/nodes/Element-classlist.html	supported	classList.add("a\\n") with attribute value null (XHTML node)
dom/nodes/Element-classlist.html	supported	classList.add("a\\n") with attribute value null (XML node with null namespace)
dom/nodes/Element-classlist.html	supported	classList.add("a\\n") with attribute value null (foo node)
dom/nodes/Element-classlist.html	supported	classList.add("a\\r") with attribute value null (HTML node)
dom/nodes/Element-classlist.html	supported	classList.add("a\\r") with attribute value null (MathML node)
dom/nodes/Element-classlist.html	supported	classList.add("a\\r") with attribute value null (XHTML node)
dom/nodes/Element-classlist.html	supported	classList.add("a\\r") with attribute value null (XML node with null namespace)
dom/nodes/Element-classlist.html	supported	classList.add("a\\r") with attribute value null (foo node)
dom/nodes/Element-classlist.html	supported	classList.add("a\\t") with attribute value null (HTML node)
dom/nodes/Element-classlist.html	supported	classList.add("a\\t") with attribute value null (MathML node)
dom/nodes/Element-classlist.html	supported	classList.add("a\\t") with attribute value null (XHTML node)
dom/nodes/Element-classlist.html	supported	classList.add("a\\t") with attribute value null (XML node with null namespace)
dom/nodes/Element-classlist.html	supported	classList.add("a\\t") with attribute value null (foo node)
dom/nodes/Element-classlist.html	supported	classList.add("b") with attribute value "a" (HTML node)
dom/nodes/Element-classlist.html	supported	classList.add("b") with attribute value "a" (MathML node)
dom/nodes/Element-classlist.html	supported	classList.add("b") with attribute value "a" (XHTML node)
dom/nodes/Element-classlist.html	supported	classList.add("b") with attribute value "a" (XML node with null namespace)
dom/nodes/Element-classlist.html	supported	classList.add("b") with attribute value "a" (foo node)
dom/nodes/Element-classlist.html	supported	classList.add("c") with attribute value "   a  a b" (HTML node)
dom/nodes/Element-classlist.html	supported	classList.add("c") with attribute value "   a  a b" (MathML node)
dom/nodes/Element-classlist.html	supported	classList.add("c") with attribute value "   a  a b" (XHTML node)
dom/nodes/Element-classlist.html	supported	classList.add("c") with attribute value "   a  a b" (XML node with null namespace)
dom/nodes/Element-classlist.html	supported	classList.add("c") with attribute value "   a  a b" (foo node)
dom/nodes/Element-classlist.html	supported	classList.add("c") with attribute value "\\t\\n\\f\\r a\\t\\n\\f\\r b\\t\\n\\f\\r " (HTML node)
dom/nodes/Element-classlist.html	supported	classList.add("c") with attribute value "\\t\\n\\f\\r a\\t\\n\\f\\r b\\t\\n\\f\\r " (MathML node)
dom/nodes/Element-classlist.html	supported	classList.add("c") with attribute value "\\t\\n\\f\\r a\\t\\n\\f\\r b\\t\\n\\f\\r " (XHTML node)
dom/nodes/Element-classlist.html	supported	classList.add("c") with attribute value "\\t\\n\\f\\r a\\t\\n\\f\\r b\\t\\n\\f\\r " (XML node with null namespace)
dom/nodes/Element-classlist.html	supported	classList.add("c") with attribute value "\\t\\n\\f\\r a\\t\\n\\f\\r b\\t\\n\\f\\r " (foo node)
dom/nodes/Element-classlist.html	supported	classList.add("d") with attribute value "a b c " (HTML node)
dom/nodes/Element-classlist.html	supported	classList.add("d") with attribute value "a b c " (MathML node)
dom/nodes/Element-classlist.html	supported	classList.add("d") with attribute value "a b c " (XHTML node)
dom/nodes/Element-classlist.html	supported	classList.add("d") with attribute value "a b c " (XML node with null namespace)
dom/nodes/Element-classlist.html	supported	classList.add("d") with attribute value "a b c " (foo node)
dom/nodes/Element-classlist.html	supported	classList.add("d") with attribute value "a b c" (HTML node)
dom/nodes/Element-classlist.html	supported	classList.add("d") with attribute value "a b c" (MathML node)
dom/nodes/Element-classlist.html	supported	classList.add("d") with attribute value "a b c" (XHTML node)
dom/nodes/Element-classlist.html	supported	classList.add("d") with attribute value "a b c" (XML node with null namespace)
dom/nodes/Element-classlist.html	supported	classList.add("d") with attribute value "a b c" (foo node)
dom/nodes/Element-classlist.html	supported	classList.add("d", "d") with attribute value "a b c " (HTML node)
dom/nodes/Element-classlist.html	supported	classList.add("d", "d") with attribute value "a b c " (MathML node)
dom/nodes/Element-classlist.html	supported	classList.add("d", "d") with attribute value "a b c " (XHTML node)
dom/nodes/Element-classlist.html	supported	classList.add("d", "d") with attribute value "a b c " (XML node with null namespace)
dom/nodes/Element-classlist.html	supported	classList.add("d", "d") with attribute value "a b c " (foo node)
dom/nodes/Element-classlist.html	supported	classList.add("d", "e") with attribute value "a b c " (HTML node)
dom/nodes/Element-classlist.html	supported	classList.add("d", "e") with attribute value "a b c " (MathML node)
dom/nodes/Element-classlist.html	supported	classList.add("d", "e") with attribute value "a b c " (XHTML node)
dom/nodes/Element-classlist.html	supported	classList.add("d", "e") with attribute value "a b c " (XML node with null namespace)
dom/nodes/Element-classlist.html	supported	classList.add("d", "e") with attribute value "a b c " (foo node)
dom/nodes/Element-classlist.html	supported	classList.add() with attribute value "a b c a " (HTML node)
dom/nodes/Element-classlist.html	supported	classList.add() with attribute value "a b c a " (MathML node)
dom/nodes/Element-classlist.html	supported	classList.add() with attribute value "a b c a " (XHTML node)
dom/nodes/Element-classlist.html	supported	classList.add() with attribute value "a b c a " (XML node with null namespace)
dom/nodes/Element-classlist.html	supported	classList.add() with attribute value "a b c a " (foo node)
dom/nodes/Element-classlist.html	supported	classList.add(null) with attribute value null (HTML node)
dom/nodes/Element-classlist.html	supported	classList.add(null) with attribute value null (MathML node)
dom/nodes/Element-classlist.html	supported	classList.add(null) with attribute value null (XHTML node)
dom/nodes/Element-classlist.html	supported	classList.add(null) with attribute value null (XML node with null namespace)
dom/nodes/Element-classlist.html	supported	classList.add(null) with attribute value null (foo node)
dom/nodes/Element-classlist.html	supported	classList.add(undefined) with attribute value null (HTML node)
dom/nodes/Element-classlist.html	supported	classList.add(undefined) with attribute value null (MathML node)
dom/nodes/Element-classlist.html	supported	classList.add(undefined) with attribute value null (XHTML node)
dom/nodes/Element-classlist.html	supported	classList.add(undefined) with attribute value null (XML node with null namespace)
dom/nodes/Element-classlist.html	supported	classList.add(undefined) with attribute value null (foo node)
dom/nodes/Element-classlist.html	supported	classList.contains("  ") when set to null (HTML node)
dom/nodes/Element-classlist.html	supported	classList.contains("  ") when set to null (MathML node)
dom/nodes/Element-classlist.html	supported	classList.contains("  ") when set to null (XHTML node)
dom/nodes/Element-classlist.html	supported	classList.contains("  ") when set to null (XML node with null namespace)
dom/nodes/Element-classlist.html	supported	classList.contains("  ") when set to null (foo node)
dom/nodes/Element-classlist.html	supported	classList.contains(" a") when set to "a" (HTML node)
dom/nodes/Element-classlist.html	supported	classList.contains(" a") when set to "a" (MathML node)
dom/nodes/Element-classlist.html	supported	classList.contains(" a") when set to "a" (XHTML node)
dom/nodes/Element-classlist.html	supported	classList.contains(" a") when set to "a" (XML node with null namespace)
dom/nodes/Element-classlist.html	supported	classList.contains(" a") when set to "a" (foo node)
dom/nodes/Element-classlist.html	supported	classList.contains("") when set to null (HTML node)
dom/nodes/Element-classlist.html	supported	classList.contains("") when set to null (MathML node)
dom/nodes/Element-classlist.html	supported	classList.contains("") when set to null (XHTML node)
dom/nodes/Element-classlist.html	supported	classList.contains("") when set to null (XML node with null namespace)
dom/nodes/Element-classlist.html	supported	classList.contains("") when set to null (foo node)
dom/nodes/Element-classlist.html	supported	classList.contains("A") when set to "a" (HTML node)
dom/nodes/Element-classlist.html	supported	classList.contains("A") when set to "a" (MathML node)
dom/nodes/Element-classlist.html	supported	classList.contains("A") when set to "a" (XHTML node)
dom/nodes/Element-classlist.html	supported	classList.contains("A") when set to "a" (XML node with null namespace)
dom/nodes/Element-classlist.html	supported	classList.contains("A") when set to "a" (foo node)
dom/nodes/Element-classlist.html	supported	classList.contains("AA") when set to "aa AA" (HTML node)
dom/nodes/Element-classlist.html	supported	classList.contains("AA") when set to "aa AA" (MathML node)
dom/nodes/Element-classlist.html	supported	classList.contains("AA") when set to "aa AA" (XHTML node)
dom/nodes/Element-classlist.html	supported	classList.contains("AA") when set to "aa AA" (XML node with null namespace)
dom/nodes/Element-classlist.html	supported	classList.contains("AA") when set to "aa AA" (foo node)
dom/nodes/Element-classlist.html	supported	classList.contains("\\fa") when set to "a" (HTML node)
dom/nodes/Element-classlist.html	supported	classList.contains("\\fa") when set to "a" (MathML node)
dom/nodes/Element-classlist.html	supported	classList.contains("\\fa") when set to "a" (XHTML node)
dom/nodes/Element-classlist.html	supported	classList.contains("\\fa") when set to "a" (XML node with null namespace)
dom/nodes/Element-classlist.html	supported	classList.contains("\\fa") when set to "a" (foo node)
dom/nodes/Element-classlist.html	supported	classList.contains("\\na") when set to "a" (HTML node)
dom/nodes/Element-classlist.html	supported	classList.contains("\\na") when set to "a" (MathML node)
dom/nodes/Element-classlist.html	supported	classList.contains("\\na") when set to "a" (XHTML node)
dom/nodes/Element-classlist.html	supported	classList.contains("\\na") when set to "a" (XML node with null namespace)
dom/nodes/Element-classlist.html	supported	classList.contains("\\na") when set to "a" (foo node)
dom/nodes/Element-classlist.html	supported	classList.contains("\\ra") when set to "a" (HTML node)
dom/nodes/Element-classlist.html	supported	classList.contains("\\ra") when set to "a" (MathML node)
dom/nodes/Element-classlist.html	supported	classList.contains("\\ra") when set to "a" (XHTML node)
dom/nodes/Element-classlist.html	supported	classList.contains("\\ra") when set to "a" (XML node with null namespace)
dom/nodes/Element-classlist.html	supported	classList.contains("\\ra") when set to "a" (foo node)
dom/nodes/Element-classlist.html	supported	classList.contains("\\ta") when set to "a" (HTML node)
dom/nodes/Element-classlist.html	supported	classList.contains("\\ta") when set to "a" (MathML node)
dom/nodes/Element-classlist.html	supported	classList.contains("\\ta") when set to "a" (XHTML node)
dom/nodes/Element-classlist.html	supported	classList.contains("\\ta") when set to "a" (XML node with null namespace)
dom/nodes/Element-classlist.html	supported	classList.contains("\\ta") when set to "a" (foo node)
dom/nodes/Element-classlist.html	supported	classList.contains("a ") when set to "a" (HTML node)
dom/nodes/Element-classlist.html	supported	classList.contains("a ") when set to "a" (MathML node)
dom/nodes/Element-classlist.html	supported	classList.contains("a ") when set to "a" (XHTML node)
dom/nodes/Element-classlist.html	supported	classList.contains("a ") when set to "a" (XML node with null namespace)
dom/nodes/Element-classlist.html	supported	classList.contains("a ") when set to "a" (foo node)
dom/nodes/Element-classlist.html	supported	classList.contains("a") when set to "" (HTML node)
dom/nodes/Element-classlist.html	supported	classList.contains("a") when set to "" (MathML node)
dom/nodes/Element-classlist.html	supported	classList.contains("a") when set to "" (XHTML node)
dom/nodes/Element-classlist.html	supported	classList.contains("a") when set to "" (XML node with null namespace)
dom/nodes/Element-classlist.html	supported	classList.contains("a") when set to "" (foo node)
dom/nodes/Element-classlist.html	supported	classList.contains("a") when set to "\\t\\n\\f\\r a\\t\\n\\f\\r b\\t\\n\\f\\r " (HTML node)
dom/nodes/Element-classlist.html	supported	classList.contains("a") when set to "\\t\\n\\f\\r a\\t\\n\\f\\r b\\t\\n\\f\\r " (MathML node)
dom/nodes/Element-classlist.html	supported	classList.contains("a") when set to "\\t\\n\\f\\r a\\t\\n\\f\\r b\\t\\n\\f\\r " (XHTML node)
dom/nodes/Element-classlist.html	supported	classList.contains("a") when set to "\\t\\n\\f\\r a\\t\\n\\f\\r b\\t\\n\\f\\r " (XML node with null namespace)
dom/nodes/Element-classlist.html	supported	classList.contains("a") when set to "\\t\\n\\f\\r a\\t\\n\\f\\r b\\t\\n\\f\\r " (foo node)
dom/nodes/Element-classlist.html	supported	classList.contains("a") when set to "a a a" (HTML node)
dom/nodes/Element-classlist.html	supported	classList.contains("a") when set to "a a a" (MathML node)
dom/nodes/Element-classlist.html	supported	classList.contains("a") when set to "a a a" (XHTML node)
dom/nodes/Element-classlist.html	supported	classList.contains("a") when set to "a a a" (XML node with null namespace)
dom/nodes/Element-classlist.html	supported	classList.contains("a") when set to "a a a" (foo node)
dom/nodes/Element-classlist.html	supported	classList.contains("a") when set to "a b c" (HTML node)
dom/nodes/Element-classlist.html	supported	classList.contains("a") when set to "a b c" (MathML node)
dom/nodes/Element-classlist.html	supported	classList.contains("a") when set to "a b c" (XHTML node)
dom/nodes/Element-classlist.html	supported	classList.contains("a") when set to "a b c" (XML node with null namespace)
dom/nodes/Element-classlist.html	supported	classList.contains("a") when set to "a b c" (foo node)
dom/nodes/Element-classlist.html	supported	classList.contains("a") when set to "a" (HTML node)
dom/nodes/Element-classlist.html	supported	classList.contains("a") when set to "a" (MathML node)
dom/nodes/Element-classlist.html	supported	classList.contains("a") when set to "a" (XHTML node)
dom/nodes/Element-classlist.html	supported	classList.contains("a") when set to "a" (XML node with null namespace)
dom/nodes/Element-classlist.html	supported	classList.contains("a") when set to "a" (foo node)
dom/nodes/Element-classlist.html	supported	classList.contains("a") when set to null (HTML node)
dom/nodes/Element-classlist.html	supported	classList.contains("a") when set to null (MathML node)
dom/nodes/Element-classlist.html	supported	classList.contains("a") when set to null (XHTML node)
dom/nodes/Element-classlist.html	supported	classList.contains("a") when set to null (XML node with null namespace)
dom/nodes/Element-classlist.html	supported	classList.contains("a") when set to null (foo node)
dom/nodes/Element-classlist.html	supported	classList.contains("a$") when set to "a" (HTML node)
dom/nodes/Element-classlist.html	supported	classList.contains("a$") when set to "a" (MathML node)
dom/nodes/Element-classlist.html	supported	classList.contains("a$") when set to "a" (XHTML node)
dom/nodes/Element-classlist.html	supported	classList.contains("a$") when set to "a" (XML node with null namespace)
dom/nodes/Element-classlist.html	supported	classList.contains("a$") when set to "a" (foo node)
dom/nodes/Element-classlist.html	supported	classList.contains("a'") when set to "a" (HTML node)
dom/nodes/Element-classlist.html	supported	classList.contains("a'") when set to "a" (MathML node)
dom/nodes/Element-classlist.html	supported	classList.contains("a'") when set to "a" (XHTML node)
dom/nodes/Element-classlist.html	supported	classList.contains("a'") when set to "a" (XML node with null namespace)
dom/nodes/Element-classlist.html	supported	classList.contains("a'") when set to "a" (foo node)
dom/nodes/Element-classlist.html	supported	classList.contains("a)") when set to "a" (HTML node)
dom/nodes/Element-classlist.html	supported	classList.contains("a)") when set to "a" (MathML node)
dom/nodes/Element-classlist.html	supported	classList.contains("a)") when set to "a" (XHTML node)
dom/nodes/Element-classlist.html	supported	classList.contains("a)") when set to "a" (XML node with null namespace)
dom/nodes/Element-classlist.html	supported	classList.contains("a)") when set to "a" (foo node)
dom/nodes/Element-classlist.html	supported	classList.contains("a.") when set to "a" (HTML node)
dom/nodes/Element-classlist.html	supported	classList.contains("a.") when set to "a" (MathML node)
dom/nodes/Element-classlist.html	supported	classList.contains("a.") when set to "a" (XHTML node)
dom/nodes/Element-classlist.html	supported	classList.contains("a.") when set to "a" (XML node with null namespace)
dom/nodes/Element-classlist.html	supported	classList.contains("a.") when set to "a" (foo node)
dom/nodes/Element-classlist.html	supported	classList.contains("a?") when set to "a" (HTML node)
dom/nodes/Element-classlist.html	supported	classList.contains("a?") when set to "a" (MathML node)
dom/nodes/Element-classlist.html	supported	classList.contains("a?") when set to "a" (XHTML node)
dom/nodes/Element-classlist.html	supported	classList.contains("a?") when set to "a" (XML node with null namespace)
dom/nodes/Element-classlist.html	supported	classList.contains("a?") when set to "a" (foo node)
dom/nodes/Element-classlist.html	supported	classList.contains("aA") when set to "aa AA" (HTML node)
dom/nodes/Element-classlist.html	supported	classList.contains("aA") when set to "aa AA" (MathML node)
dom/nodes/Element-classlist.html	supported	classList.contains("aA") when set to "aa AA" (XHTML node)
dom/nodes/Element-classlist.html	supported	classList.contains("aA") when set to "aa AA" (XML node with null namespace)
dom/nodes/Element-classlist.html	supported	classList.contains("aA") when set to "aa AA" (foo node)
dom/nodes/Element-classlist.html	supported	classList.contains("a\\"") when set to "a" (HTML node)
dom/nodes/Element-classlist.html	supported	classList.contains("a\\"") when set to "a" (MathML node)
dom/nodes/Element-classlist.html	supported	classList.contains("a\\"") when set to "a" (XHTML node)
dom/nodes/Element-classlist.html	supported	classList.contains("a\\"") when set to "a" (XML node with null namespace)
dom/nodes/Element-classlist.html	supported	classList.contains("a\\"") when set to "a" (foo node)
dom/nodes/Element-classlist.html	supported	classList.contains("a\\\\") when set to "a" (HTML node)
dom/nodes/Element-classlist.html	supported	classList.contains("a\\\\") when set to "a" (MathML node)
dom/nodes/Element-classlist.html	supported	classList.contains("a\\\\") when set to "a" (XHTML node)
dom/nodes/Element-classlist.html	supported	classList.contains("a\\\\") when set to "a" (XML node with null namespace)
dom/nodes/Element-classlist.html	supported	classList.contains("a\\\\") when set to "a" (foo node)
dom/nodes/Element-classlist.html	supported	classList.contains("a\\f") when set to "a" (HTML node)
dom/nodes/Element-classlist.html	supported	classList.contains("a\\f") when set to "a" (MathML node)
dom/nodes/Element-classlist.html	supported	classList.contains("a\\f") when set to "a" (XHTML node)
dom/nodes/Element-classlist.html	supported	classList.contains("a\\f") when set to "a" (XML node with null namespace)
dom/nodes/Element-classlist.html	supported	classList.contains("a\\f") when set to "a" (foo node)
dom/nodes/Element-classlist.html	supported	classList.contains("a\\n") when set to "a" (HTML node)
dom/nodes/Element-classlist.html	supported	classList.contains("a\\n") when set to "a" (MathML node)
dom/nodes/Element-classlist.html	supported	classList.contains("a\\n") when set to "a" (XHTML node)
dom/nodes/Element-classlist.html	supported	classList.contains("a\\n") when set to "a" (XML node with null namespace)
dom/nodes/Element-classlist.html	supported	classList.contains("a\\n") when set to "a" (foo node)
dom/nodes/Element-classlist.html	supported	classList.contains("a\\r") when set to "a" (HTML node)
dom/nodes/Element-classlist.html	supported	classList.contains("a\\r") when set to "a" (MathML node)
dom/nodes/Element-classlist.html	supported	classList.contains("a\\r") when set to "a" (XHTML node)
dom/nodes/Element-classlist.html	supported	classList.contains("a\\r") when set to "a" (XML node with null namespace)
dom/nodes/Element-classlist.html	supported	classList.contains("a\\r") when set to "a" (foo node)
dom/nodes/Element-classlist.html	supported	classList.contains("a\\t") when set to "a" (HTML node)
dom/nodes/Element-classlist.html	supported	classList.contains("a\\t") when set to "a" (MathML node)
dom/nodes/Element-classlist.html	supported	classList.contains("a\\t") when set to "a" (XHTML node)
dom/nodes/Element-classlist.html	supported	classList.contains("a\\t") when set to "a" (XML node with null namespace)
dom/nodes/Element-classlist.html	supported	classList.contains("a\\t") when set to "a" (foo node)
dom/nodes/Element-classlist.html	supported	classList.contains("aa") when set to "a a a" (HTML node)
dom/nodes/Element-classlist.html	supported	classList.contains("aa") when set to "a a a" (MathML node)
dom/nodes/Element-classlist.html	supported	classList.contains("aa") when set to "a a a" (XHTML node)
dom/nodes/Element-classlist.html	supported	classList.contains("aa") when set to "a a a" (XML node with null namespace)
dom/nodes/Element-classlist.html	supported	classList.contains("aa") when set to "a a a" (foo node)
dom/nodes/Element-classlist.html	supported	classList.contains("aa") when set to "a" (HTML node)
dom/nodes/Element-classlist.html	supported	classList.contains("aa") when set to "a" (MathML node)
dom/nodes/Element-classlist.html	supported	classList.contains("aa") when set to "a" (XHTML node)
dom/nodes/Element-classlist.html	supported	classList.contains("aa") when set to "a" (XML node with null namespace)
dom/nodes/Element-classlist.html	supported	classList.contains("aa") when set to "a" (foo node)
dom/nodes/Element-classlist.html	supported	classList.contains("aa") when set to "aa AA" (HTML node)
dom/nodes/Element-classlist.html	supported	classList.contains("aa") when set to "aa AA" (MathML node)
dom/nodes/Element-classlist.html	supported	classList.contains("aa") when set to "aa AA" (XHTML node)
dom/nodes/Element-classlist.html	supported	classList.contains("aa") when set to "aa AA" (XML node with null namespace)
dom/nodes/Element-classlist.html	supported	classList.contains("aa") when set to "aa AA" (foo node)
dom/nodes/Element-classlist.html	supported	classList.contains("a~") when set to "a" (HTML node)
dom/nodes/Element-classlist.html	supported	classList.contains("a~") when set to "a" (MathML node)
dom/nodes/Element-classlist.html	supported	classList.contains("a~") when set to "a" (XHTML node)
dom/nodes/Element-classlist.html	supported	classList.contains("a~") when set to "a" (XML node with null namespace)
dom/nodes/Element-classlist.html	supported	classList.contains("a~") when set to "a" (foo node)
dom/nodes/Element-classlist.html	supported	classList.contains("b") when set to "\\t\\n\\f\\r a\\t\\n\\f\\r b\\t\\n\\f\\r " (HTML node)
dom/nodes/Element-classlist.html	supported	classList.contains("b") when set to "\\t\\n\\f\\r a\\t\\n\\f\\r b\\t\\n\\f\\r " (MathML node)
dom/nodes/Element-classlist.html	supported	classList.contains("b") when set to "\\t\\n\\f\\r a\\t\\n\\f\\r b\\t\\n\\f\\r " (XHTML node)
dom/nodes/Element-classlist.html	supported	classList.contains("b") when set to "\\t\\n\\f\\r a\\t\\n\\f\\r b\\t\\n\\f\\r " (XML node with null namespace)
dom/nodes/Element-classlist.html	supported	classList.contains("b") when set to "\\t\\n\\f\\r a\\t\\n\\f\\r b\\t\\n\\f\\r " (foo node)
dom/nodes/Element-classlist.html	supported	classList.contains("b") when set to "a a a" (HTML node)
dom/nodes/Element-classlist.html	supported	classList.contains("b") when set to "a a a" (MathML node)
dom/nodes/Element-classlist.html	supported	classList.contains("b") when set to "a a a" (XHTML node)
dom/nodes/Element-classlist.html	supported	classList.contains("b") when set to "a a a" (XML node with null namespace)
dom/nodes/Element-classlist.html	supported	classList.contains("b") when set to "a a a" (foo node)
dom/nodes/Element-classlist.html	supported	classList.contains("b") when set to "a b c" (HTML node)
dom/nodes/Element-classlist.html	supported	classList.contains("b") when set to "a b c" (MathML node)
dom/nodes/Element-classlist.html	supported	classList.contains("b") when set to "a b c" (XHTML node)
dom/nodes/Element-classlist.html	supported	classList.contains("b") when set to "a b c" (XML node with null namespace)
dom/nodes/Element-classlist.html	supported	classList.contains("b") when set to "a b c" (foo node)
dom/nodes/Element-classlist.html	supported	classList.contains("b") when set to "a" (HTML node)
dom/nodes/Element-classlist.html	supported	classList.contains("b") when set to "a" (MathML node)
dom/nodes/Element-classlist.html	supported	classList.contains("b") when set to "a" (XHTML node)
dom/nodes/Element-classlist.html	supported	classList.contains("b") when set to "a" (XML node with null namespace)
dom/nodes/Element-classlist.html	supported	classList.contains("b") when set to "a" (foo node)
dom/nodes/Element-classlist.html	supported	classList.contains(null) when set to "null undefined" (HTML node)
dom/nodes/Element-classlist.html	supported	classList.contains(null) when set to "null undefined" (MathML node)
dom/nodes/Element-classlist.html	supported	classList.contains(null) when set to "null undefined" (XHTML node)
dom/nodes/Element-classlist.html	supported	classList.contains(null) when set to "null undefined" (XML node with null namespace)
dom/nodes/Element-classlist.html	supported	classList.contains(null) when set to "null undefined" (foo node)
dom/nodes/Element-classlist.html	supported	classList.contains(undefined) when set to "a" (HTML node)
dom/nodes/Element-classlist.html	supported	classList.contains(undefined) when set to "a" (MathML node)
dom/nodes/Element-classlist.html	supported	classList.contains(undefined) when set to "a" (XHTML node)
dom/nodes/Element-classlist.html	supported	classList.contains(undefined) when set to "a" (XML node with null namespace)
dom/nodes/Element-classlist.html	supported	classList.contains(undefined) when set to "a" (foo node)
dom/nodes/Element-classlist.html	supported	classList.contains(undefined) when set to "null undefined" (HTML node)
dom/nodes/Element-classlist.html	supported	classList.contains(undefined) when set to "null undefined" (MathML node)
dom/nodes/Element-classlist.html	supported	classList.contains(undefined) when set to "null undefined" (XHTML node)
dom/nodes/Element-classlist.html	supported	classList.contains(undefined) when set to "null undefined" (XML node with null namespace)
dom/nodes/Element-classlist.html	supported	classList.contains(undefined) when set to "null undefined" (foo node)
dom/nodes/Element-classlist.html	supported	classList.item() when set to "   a  a b" (HTML node)
dom/nodes/Element-classlist.html	supported	classList.item() when set to "   a  a b" (MathML node)
dom/nodes/Element-classlist.html	supported	classList.item() when set to "   a  a b" (XHTML node)
dom/nodes/Element-classlist.html	supported	classList.item() when set to "   a  a b" (XML node with null namespace)
dom/nodes/Element-classlist.html	supported	classList.item() when set to "   a  a b" (foo node)
dom/nodes/Element-classlist.html	supported	classList.item() when set to "\\t\\n\\f\\r a\\t\\n\\f\\r b\\t\\n\\f\\r " (HTML node)
dom/nodes/Element-classlist.html	supported	classList.item() when set to "\\t\\n\\f\\r a\\t\\n\\f\\r b\\t\\n\\f\\r " (MathML node)
dom/nodes/Element-classlist.html	supported	classList.item() when set to "\\t\\n\\f\\r a\\t\\n\\f\\r b\\t\\n\\f\\r " (XHTML node)
dom/nodes/Element-classlist.html	supported	classList.item() when set to "\\t\\n\\f\\r a\\t\\n\\f\\r b\\t\\n\\f\\r " (XML node with null namespace)
dom/nodes/Element-classlist.html	supported	classList.item() when set to "\\t\\n\\f\\r a\\t\\n\\f\\r b\\t\\n\\f\\r " (foo node)
dom/nodes/Element-classlist.html	supported	classList.item() when set to "a b" (HTML node)
dom/nodes/Element-classlist.html	supported	classList.item() when set to "a b" (MathML node)
dom/nodes/Element-classlist.html	supported	classList.item() when set to "a b" (XHTML node)
dom/nodes/Element-classlist.html	supported	classList.item() when set to "a b" (XML node with null namespace)
dom/nodes/Element-classlist.html	supported	classList.item() when set to "a b" (foo node)
dom/nodes/Element-classlist.html	supported	classList.item() when set to "a" (HTML node)
dom/nodes/Element-classlist.html	supported	classList.item() when set to "a" (MathML node)
dom/nodes/Element-classlist.html	supported	classList.item() when set to "a" (XHTML node)
dom/nodes/Element-classlist.html	supported	classList.item() when set to "a" (XML node with null namespace)
dom/nodes/Element-classlist.html	supported	classList.item() when set to "a" (foo node)
dom/nodes/Element-classlist.html	supported	classList.item() when set to "aa AA aa" (HTML node)
dom/nodes/Element-classlist.html	supported	classList.item() when set to "aa AA aa" (MathML node)
dom/nodes/Element-classlist.html	supported	classList.item() when set to "aa AA aa" (XHTML node)
dom/nodes/Element-classlist.html	supported	classList.item() when set to "aa AA aa" (XML node with null namespace)
dom/nodes/Element-classlist.html	supported	classList.item() when set to "aa AA aa" (foo node)
dom/nodes/Element-classlist.html	supported	classList.item() when set to null (HTML node)
dom/nodes/Element-classlist.html	supported	classList.item() when set to null (MathML node)
dom/nodes/Element-classlist.html	supported	classList.item() when set to null (XHTML node)
dom/nodes/Element-classlist.html	supported	classList.item() when set to null (XML node with null namespace)
dom/nodes/Element-classlist.html	supported	classList.item() when set to null (foo node)
dom/nodes/Element-classlist.html	supported	classList.length when removed (HTML node)
dom/nodes/Element-classlist.html	supported	classList.length when removed (MathML node)
dom/nodes/Element-classlist.html	supported	classList.length when removed (XHTML node)
dom/nodes/Element-classlist.html	supported	classList.length when removed (XML node with null namespace)
dom/nodes/Element-classlist.html	supported	classList.length when removed (foo node)
dom/nodes/Element-classlist.html	supported	classList.length when set to "   \\t  \\f" (HTML node)
dom/nodes/Element-classlist.html	supported	classList.length when set to "   \\t  \\f" (MathML node)
dom/nodes/Element-classlist.html	supported	classList.length when set to "   \\t  \\f" (XHTML node)
dom/nodes/Element-classlist.html	supported	classList.length when set to "   \\t  \\f" (XML node with null namespace)
dom/nodes/Element-classlist.html	supported	classList.length when set to "   \\t  \\f" (foo node)
dom/nodes/Element-classlist.html	supported	classList.length when set to "   a  a b" (HTML node)
dom/nodes/Element-classlist.html	supported	classList.length when set to "   a  a b" (MathML node)
dom/nodes/Element-classlist.html	supported	classList.length when set to "   a  a b" (XHTML node)
dom/nodes/Element-classlist.html	supported	classList.length when set to "   a  a b" (XML node with null namespace)
dom/nodes/Element-classlist.html	supported	classList.length when set to "   a  a b" (foo node)
dom/nodes/Element-classlist.html	supported	classList.length when set to "" (HTML node)
dom/nodes/Element-classlist.html	supported	classList.length when set to "" (MathML node)
dom/nodes/Element-classlist.html	supported	classList.length when set to "" (XHTML node)
dom/nodes/Element-classlist.html	supported	classList.length when set to "" (XML node with null namespace)
dom/nodes/Element-classlist.html	supported	classList.length when set to "" (foo node)
dom/nodes/Element-classlist.html	supported	classList.length when set to "\\r\\na\\t\\f" (HTML node)
dom/nodes/Element-classlist.html	supported	classList.length when set to "\\r\\na\\t\\f" (MathML node)
dom/nodes/Element-classlist.html	supported	classList.length when set to "\\r\\na\\t\\f" (XHTML node)
dom/nodes/Element-classlist.html	supported	classList.length when set to "\\r\\na\\t\\f" (XML node with null namespace)
dom/nodes/Element-classlist.html	supported	classList.length when set to "\\r\\na\\t\\f" (foo node)
dom/nodes/Element-classlist.html	supported	classList.length when set to "a A B b" (HTML node)
dom/nodes/Element-classlist.html	supported	classList.length when set to "a A B b" (MathML node)
dom/nodes/Element-classlist.html	supported	classList.length when set to "a A B b" (XHTML node)
dom/nodes/Element-classlist.html	supported	classList.length when set to "a A B b" (XML node with null namespace)
dom/nodes/Element-classlist.html	supported	classList.length when set to "a A B b" (foo node)
dom/nodes/Element-classlist.html	supported	classList.length when set to "a A" (HTML node)
dom/nodes/Element-classlist.html	supported	classList.length when set to "a A" (MathML node)
dom/nodes/Element-classlist.html	supported	classList.length when set to "a A" (XHTML node)
dom/nodes/Element-classlist.html	supported	classList.length when set to "a A" (XML node with null namespace)
dom/nodes/Element-classlist.html	supported	classList.length when set to "a A" (foo node)
dom/nodes/Element-classlist.html	supported	classList.length when set to "a a a a a a" (HTML node)
dom/nodes/Element-classlist.html	supported	classList.length when set to "a a a a a a" (MathML node)
dom/nodes/Element-classlist.html	supported	classList.length when set to "a a a a a a" (XHTML node)
dom/nodes/Element-classlist.html	supported	classList.length when set to "a a a a a a" (XML node with null namespace)
dom/nodes/Element-classlist.html	supported	classList.length when set to "a a a a a a" (foo node)
dom/nodes/Element-classlist.html	supported	classList.length when set to "a a b b" (HTML node)
dom/nodes/Element-classlist.html	supported	classList.length when set to "a a b b" (MathML node)
dom/nodes/Element-classlist.html	supported	classList.length when set to "a a b b" (XHTML node)
dom/nodes/Element-classlist.html	supported	classList.length when set to "a a b b" (XML node with null namespace)
dom/nodes/Element-classlist.html	supported	classList.length when set to "a a b b" (foo node)
dom/nodes/Element-classlist.html	supported	classList.length when set to "a a" (HTML node)
dom/nodes/Element-classlist.html	supported	classList.length when set to "a a" (MathML node)
dom/nodes/Element-classlist.html	supported	classList.length when set to "a a" (XHTML node)
dom/nodes/Element-classlist.html	supported	classList.length when set to "a a" (XML node with null namespace)
dom/nodes/Element-classlist.html	supported	classList.length when set to "a a" (foo node)
dom/nodes/Element-classlist.html	supported	classList.length when set to "a b c c b a a b c c" (HTML node)
dom/nodes/Element-classlist.html	supported	classList.length when set to "a b c c b a a b c c" (MathML node)
dom/nodes/Element-classlist.html	supported	classList.length when set to "a b c c b a a b c c" (XHTML node)
dom/nodes/Element-classlist.html	supported	classList.length when set to "a b c c b a a b c c" (XML node with null namespace)
dom/nodes/Element-classlist.html	supported	classList.length when set to "a b c c b a a b c c" (foo node)
dom/nodes/Element-classlist.html	supported	classList.length when set to "a" (HTML node)
dom/nodes/Element-classlist.html	supported	classList.length when set to "a" (MathML node)
dom/nodes/Element-classlist.html	supported	classList.length when set to "a" (XHTML node)
dom/nodes/Element-classlist.html	supported	classList.length when set to "a" (XML node with null namespace)
dom/nodes/Element-classlist.html	supported	classList.length when set to "a" (foo node)
dom/nodes/Element-classlist.html	supported	classList.length when set to "a\\tb\\nc\\fd\\re f" (HTML node)
dom/nodes/Element-classlist.html	supported	classList.length when set to "a\\tb\\nc\\fd\\re f" (MathML node)
dom/nodes/Element-classlist.html	supported	classList.length when set to "a\\tb\\nc\\fd\\re f" (XHTML node)
dom/nodes/Element-classlist.html	supported	classList.length when set to "a\\tb\\nc\\fd\\re f" (XML node with null namespace)
dom/nodes/Element-classlist.html	supported	classList.length when set to "a\\tb\\nc\\fd\\re f" (foo node)
dom/nodes/Element-classlist.html	supported	classList.remove(" ") with attribute value null (HTML node)
dom/nodes/Element-classlist.html	supported	classList.remove(" ") with attribute value null (MathML node)
dom/nodes/Element-classlist.html	supported	classList.remove(" ") with attribute value null (XHTML node)
dom/nodes/Element-classlist.html	supported	classList.remove(" ") with attribute value null (XML node with null namespace)
dom/nodes/Element-classlist.html	supported	classList.remove(" ") with attribute value null (foo node)
dom/nodes/Element-classlist.html	supported	classList.remove(" a") with attribute value " a" (HTML node)
dom/nodes/Element-classlist.html	supported	classList.remove(" a") with attribute value " a" (MathML node)
dom/nodes/Element-classlist.html	supported	classList.remove(" a") with attribute value " a" (XHTML node)
dom/nodes/Element-classlist.html	supported	classList.remove(" a") with attribute value " a" (XML node with null namespace)
dom/nodes/Element-classlist.html	supported	classList.remove(" a") with attribute value " a" (foo node)
dom/nodes/Element-classlist.html	supported	classList.remove("") with attribute value null (HTML node)
dom/nodes/Element-classlist.html	supported	classList.remove("") with attribute value null (MathML node)
dom/nodes/Element-classlist.html	supported	classList.remove("") with attribute value null (XHTML node)
dom/nodes/Element-classlist.html	supported	classList.remove("") with attribute value null (XML node with null namespace)
dom/nodes/Element-classlist.html	supported	classList.remove("") with attribute value null (foo node)
dom/nodes/Element-classlist.html	supported	classList.remove("A") with attribute value "a b  c" (HTML node)
dom/nodes/Element-classlist.html	supported	classList.remove("A") with attribute value "a b  c" (MathML node)
dom/nodes/Element-classlist.html	supported	classList.remove("A") with attribute value "a b  c" (XHTML node)
dom/nodes/Element-classlist.html	supported	classList.remove("A") with attribute value "a b  c" (XML node with null namespace)
dom/nodes/Element-classlist.html	supported	classList.remove("A") with attribute value "a b  c" (foo node)
dom/nodes/Element-classlist.html	supported	classList.remove("AA") with attribute value "AA BB aa CC AA dd aa" (HTML node)
dom/nodes/Element-classlist.html	supported	classList.remove("AA") with attribute value "AA BB aa CC AA dd aa" (MathML node)
dom/nodes/Element-classlist.html	supported	classList.remove("AA") with attribute value "AA BB aa CC AA dd aa" (XHTML node)
dom/nodes/Element-classlist.html	supported	classList.remove("AA") with attribute value "AA BB aa CC AA dd aa" (XML node with null namespace)
dom/nodes/Element-classlist.html	supported	classList.remove("AA") with attribute value "AA BB aa CC AA dd aa" (foo node)
dom/nodes/Element-classlist.html	supported	classList.remove("\\fa") with attribute value "\\fa" (HTML node)
dom/nodes/Element-classlist.html	supported	classList.remove("\\fa") with attribute value "\\fa" (MathML node)
dom/nodes/Element-classlist.html	supported	classList.remove("\\fa") with attribute value "\\fa" (XHTML node)
dom/nodes/Element-classlist.html	supported	classList.remove("\\fa") with attribute value "\\fa" (XML node with null namespace)
dom/nodes/Element-classlist.html	supported	classList.remove("\\fa") with attribute value "\\fa" (foo node)
dom/nodes/Element-classlist.html	supported	classList.remove("\\na") with attribute value "\\na" (HTML node)
dom/nodes/Element-classlist.html	supported	classList.remove("\\na") with attribute value "\\na" (MathML node)
dom/nodes/Element-classlist.html	supported	classList.remove("\\na") with attribute value "\\na" (XHTML node)
dom/nodes/Element-classlist.html	supported	classList.remove("\\na") with attribute value "\\na" (XML node with null namespace)
dom/nodes/Element-classlist.html	supported	classList.remove("\\na") with attribute value "\\na" (foo node)
dom/nodes/Element-classlist.html	supported	classList.remove("\\ra") with attribute value "\\ra" (HTML node)
dom/nodes/Element-classlist.html	supported	classList.remove("\\ra") with attribute value "\\ra" (MathML node)
dom/nodes/Element-classlist.html	supported	classList.remove("\\ra") with attribute value "\\ra" (XHTML node)
dom/nodes/Element-classlist.html	supported	classList.remove("\\ra") with attribute value "\\ra" (XML node with null namespace)
dom/nodes/Element-classlist.html	supported	classList.remove("\\ra") with attribute value "\\ra" (foo node)
dom/nodes/Element-classlist.html	supported	classList.remove("\\ta") with attribute value "\\ta" (HTML node)
dom/nodes/Element-classlist.html	supported	classList.remove("\\ta") with attribute value "\\ta" (MathML node)
dom/nodes/Element-classlist.html	supported	classList.remove("\\ta") with attribute value "\\ta" (XHTML node)
dom/nodes/Element-classlist.html	supported	classList.remove("\\ta") with attribute value "\\ta" (XML node with null namespace)
dom/nodes/Element-classlist.html	supported	classList.remove("\\ta") with attribute value "\\ta" (foo node)
dom/nodes/Element-classlist.html	supported	classList.remove("a ") with attribute value "a " (HTML node)
dom/nodes/Element-classlist.html	supported	classList.remove("a ") with attribute value "a " (MathML node)
dom/nodes/Element-classlist.html	supported	classList.remove("a ") with attribute value "a " (XHTML node)
dom/nodes/Element-classlist.html	supported	classList.remove("a ") with attribute value "a " (XML node with null namespace)
dom/nodes/Element-classlist.html	supported	classList.remove("a ") with attribute value "a " (foo node)
dom/nodes/Element-classlist.html	supported	classList.remove("a") with attribute value " a a a " (HTML node)
dom/nodes/Element-classlist.html	supported	classList.remove("a") with attribute value " a a a " (MathML node)
dom/nodes/Element-classlist.html	supported	classList.remove("a") with attribute value " a a a " (XHTML node)
dom/nodes/Element-classlist.html	supported	classList.remove("a") with attribute value " a a a " (XML node with null namespace)
dom/nodes/Element-classlist.html	supported	classList.remove("a") with attribute value " a a a " (foo node)
dom/nodes/Element-classlist.html	supported	classList.remove("a") with attribute value "" (HTML node)
dom/nodes/Element-classlist.html	supported	classList.remove("a") with attribute value "" (MathML node)
dom/nodes/Element-classlist.html	supported	classList.remove("a") with attribute value "" (XHTML node)
dom/nodes/Element-classlist.html	supported	classList.remove("a") with attribute value "" (XML node with null namespace)
dom/nodes/Element-classlist.html	supported	classList.remove("a") with attribute value "" (foo node)
dom/nodes/Element-classlist.html	supported	classList.remove("a") with attribute value "\\ra\\na\\ta\\f" (HTML node)
dom/nodes/Element-classlist.html	supported	classList.remove("a") with attribute value "\\ra\\na\\ta\\f" (MathML node)
dom/nodes/Element-classlist.html	supported	classList.remove("a") with attribute value "\\ra\\na\\ta\\f" (XHTML node)
dom/nodes/Element-classlist.html	supported	classList.remove("a") with attribute value "\\ra\\na\\ta\\f" (XML node with null namespace)
dom/nodes/Element-classlist.html	supported	classList.remove("a") with attribute value "\\ra\\na\\ta\\f" (foo node)
dom/nodes/Element-classlist.html	supported	classList.remove("a") with attribute value "\\t\\n\\f\\r a\\t\\n\\f\\r b\\t\\n\\f\\r " (HTML node)
dom/nodes/Element-classlist.html	supported	classList.remove("a") with attribute value "\\t\\n\\f\\r a\\t\\n\\f\\r b\\t\\n\\f\\r " (MathML node)
dom/nodes/Element-classlist.html	supported	classList.remove("a") with attribute value "\\t\\n\\f\\r a\\t\\n\\f\\r b\\t\\n\\f\\r " (XHTML node)
dom/nodes/Element-classlist.html	supported	classList.remove("a") with attribute value "\\t\\n\\f\\r a\\t\\n\\f\\r b\\t\\n\\f\\r " (XML node with null namespace)
dom/nodes/Element-classlist.html	supported	classList.remove("a") with attribute value "\\t\\n\\f\\r a\\t\\n\\f\\r b\\t\\n\\f\\r " (foo node)
dom/nodes/Element-classlist.html	supported	classList.remove("a") with attribute value "a  b  " (HTML node)
dom/nodes/Element-classlist.html	supported	classList.remove("a") with attribute value "a  b  " (MathML node)
dom/nodes/Element-classlist.html	supported	classList.remove("a") with attribute value "a  b  " (XHTML node)
dom/nodes/Element-classlist.html	supported	classList.remove("a") with attribute value "a  b  " (XML node with null namespace)
dom/nodes/Element-classlist.html	supported	classList.remove("a") with attribute value "a  b  " (foo node)
dom/nodes/Element-classlist.html	supported	classList.remove("a") with attribute value "a  b" (HTML node)
dom/nodes/Element-classlist.html	supported	classList.remove("a") with attribute value "a  b" (MathML node)
dom/nodes/Element-classlist.html	supported	classList.remove("a") with attribute value "a  b" (XHTML node)
dom/nodes/Element-classlist.html	supported	classList.remove("a") with attribute value "a  b" (XML node with null namespace)
dom/nodes/Element-classlist.html	supported	classList.remove("a") with attribute value "a  b" (foo node)
dom/nodes/Element-classlist.html	supported	classList.remove("a") with attribute value "a a b a a c a a" (HTML node)
dom/nodes/Element-classlist.html	supported	classList.remove("a") with attribute value "a a b a a c a a" (MathML node)
dom/nodes/Element-classlist.html	supported	classList.remove("a") with attribute value "a a b a a c a a" (XHTML node)
dom/nodes/Element-classlist.html	supported	classList.remove("a") with attribute value "a a b a a c a a" (XML node with null namespace)
dom/nodes/Element-classlist.html	supported	classList.remove("a") with attribute value "a a b a a c a a" (foo node)
dom/nodes/Element-classlist.html	supported	classList.remove("a") with attribute value "a a b" (HTML node)
dom/nodes/Element-classlist.html	supported	classList.remove("a") with attribute value "a a b" (MathML node)
dom/nodes/Element-classlist.html	supported	classList.remove("a") with attribute value "a a b" (XHTML node)
dom/nodes/Element-classlist.html	supported	classList.remove("a") with attribute value "a a b" (XML node with null namespace)
dom/nodes/Element-classlist.html	supported	classList.remove("a") with attribute value "a a b" (foo node)
dom/nodes/Element-classlist.html	supported	classList.remove("a") with attribute value "a b a c a d a" (HTML node)
dom/nodes/Element-classlist.html	supported	classList.remove("a") with attribute value "a b a c a d a" (MathML node)
dom/nodes/Element-classlist.html	supported	classList.remove("a") with attribute value "a b a c a d a" (XHTML node)
dom/nodes/Element-classlist.html	supported	classList.remove("a") with attribute value "a b a c a d a" (XML node with null namespace)
dom/nodes/Element-classlist.html	supported	classList.remove("a") with attribute value "a b a c a d a" (foo node)
dom/nodes/Element-classlist.html	supported	classList.remove("a") with attribute value null (HTML node)
dom/nodes/Element-classlist.html	supported	classList.remove("a") with attribute value null (MathML node)
dom/nodes/Element-classlist.html	supported	classList.remove("a") with attribute value null (XHTML node)
dom/nodes/Element-classlist.html	supported	classList.remove("a") with attribute value null (XML node with null namespace)
dom/nodes/Element-classlist.html	supported	classList.remove("a") with attribute value null (foo node)
dom/nodes/Element-classlist.html	supported	classList.remove("a", "a") with attribute value "a b c " (HTML node)
dom/nodes/Element-classlist.html	supported	classList.remove("a", "a") with attribute value "a b c " (MathML node)
dom/nodes/Element-classlist.html	supported	classList.remove("a", "a") with attribute value "a b c " (XHTML node)
dom/nodes/Element-classlist.html	supported	classList.remove("a", "a") with attribute value "a b c " (XML node with null namespace)
dom/nodes/Element-classlist.html	supported	classList.remove("a", "a") with attribute value "a b c " (foo node)
dom/nodes/Element-classlist.html	supported	classList.remove("a", "b") with attribute value "" (HTML node)
dom/nodes/Element-classlist.html	supported	classList.remove("a", "b") with attribute value "" (MathML node)
dom/nodes/Element-classlist.html	supported	classList.remove("a", "b") with attribute value "" (XHTML node)
dom/nodes/Element-classlist.html	supported	classList.remove("a", "b") with attribute value "" (XML node with null namespace)
dom/nodes/Element-classlist.html	supported	classList.remove("a", "b") with attribute value "" (foo node)
dom/nodes/Element-classlist.html	supported	classList.remove("a", "b") with attribute value "a b c " (HTML node)
dom/nodes/Element-classlist.html	supported	classList.remove("a", "b") with attribute value "a b c " (MathML node)
dom/nodes/Element-classlist.html	supported	classList.remove("a", "b") with attribute value "a b c " (XHTML node)
dom/nodes/Element-classlist.html	supported	classList.remove("a", "b") with attribute value "a b c " (XML node with null namespace)
dom/nodes/Element-classlist.html	supported	classList.remove("a", "b") with attribute value "a b c " (foo node)
dom/nodes/Element-classlist.html	supported	classList.remove("a", "b") with attribute value null (HTML node)
dom/nodes/Element-classlist.html	supported	classList.remove("a", "b") with attribute value null (MathML node)
dom/nodes/Element-classlist.html	supported	classList.remove("a", "b") with attribute value null (XHTML node)
dom/nodes/Element-classlist.html	supported	classList.remove("a", "b") with attribute value null (XML node with null namespace)
dom/nodes/Element-classlist.html	supported	classList.remove("a", "b") with attribute value null (foo node)
dom/nodes/Element-classlist.html	supported	classList.remove("a", "c") with attribute value "a b c " (HTML node)
dom/nodes/Element-classlist.html	supported	classList.remove("a", "c") with attribute value "a b c " (MathML node)
dom/nodes/Element-classlist.html	supported	classList.remove("a", "c") with attribute value "a b c " (XHTML node)
dom/nodes/Element-classlist.html	supported	classList.remove("a", "c") with attribute value "a b c " (XML node with null namespace)
dom/nodes/Element-classlist.html	supported	classList.remove("a", "c") with attribute value "a b c " (foo node)
dom/nodes/Element-classlist.html	supported	classList.remove("a\\f") with attribute value "a\\f" (HTML node)
dom/nodes/Element-classlist.html	supported	classList.remove("a\\f") with attribute value "a\\f" (MathML node)
dom/nodes/Element-classlist.html	supported	classList.remove("a\\f") with attribute value "a\\f" (XHTML node)
dom/nodes/Element-classlist.html	supported	classList.remove("a\\f") with attribute value "a\\f" (XML node with null namespace)
dom/nodes/Element-classlist.html	supported	classList.remove("a\\f") with attribute value "a\\f" (foo node)
dom/nodes/Element-classlist.html	supported	classList.remove("a\\n") with attribute value "a\\n" (HTML node)
dom/nodes/Element-classlist.html	supported	classList.remove("a\\n") with attribute value "a\\n" (MathML node)
dom/nodes/Element-classlist.html	supported	classList.remove("a\\n") with attribute value "a\\n" (XHTML node)
dom/nodes/Element-classlist.html	supported	classList.remove("a\\n") with attribute value "a\\n" (XML node with null namespace)
dom/nodes/Element-classlist.html	supported	classList.remove("a\\n") with attribute value "a\\n" (foo node)
dom/nodes/Element-classlist.html	supported	classList.remove("a\\r") with attribute value "a\\r" (HTML node)
dom/nodes/Element-classlist.html	supported	classList.remove("a\\r") with attribute value "a\\r" (MathML node)
dom/nodes/Element-classlist.html	supported	classList.remove("a\\r") with attribute value "a\\r" (XHTML node)
dom/nodes/Element-classlist.html	supported	classList.remove("a\\r") with attribute value "a\\r" (XML node with null namespace)
dom/nodes/Element-classlist.html	supported	classList.remove("a\\r") with attribute value "a\\r" (foo node)
dom/nodes/Element-classlist.html	supported	classList.remove("a\\t") with attribute value "a\\t" (HTML node)
dom/nodes/Element-classlist.html	supported	classList.remove("a\\t") with attribute value "a\\t" (MathML node)
dom/nodes/Element-classlist.html	supported	classList.remove("a\\t") with attribute value "a\\t" (XHTML node)
dom/nodes/Element-classlist.html	supported	classList.remove("a\\t") with attribute value "a\\t" (XML node with null namespace)
dom/nodes/Element-classlist.html	supported	classList.remove("a\\t") with attribute value "a\\t" (foo node)
dom/nodes/Element-classlist.html	supported	classList.remove("aa ") with attribute value "aa " (HTML node)
dom/nodes/Element-classlist.html	supported	classList.remove("aa ") with attribute value "aa " (MathML node)
dom/nodes/Element-classlist.html	supported	classList.remove("aa ") with attribute value "aa " (XHTML node)
dom/nodes/Element-classlist.html	supported	classList.remove("aa ") with attribute value "aa " (XML node with null namespace)
dom/nodes/Element-classlist.html	supported	classList.remove("aa ") with attribute value "aa " (foo node)
dom/nodes/Element-classlist.html	supported	classList.remove("aa") with attribute value "aa aa bb" (HTML node)
dom/nodes/Element-classlist.html	supported	classList.remove("aa") with attribute value "aa aa bb" (MathML node)
dom/nodes/Element-classlist.html	supported	classList.remove("aa") with attribute value "aa aa bb" (XHTML node)
dom/nodes/Element-classlist.html	supported	classList.remove("aa") with attribute value "aa aa bb" (XML node with null namespace)
dom/nodes/Element-classlist.html	supported	classList.remove("aa") with attribute value "aa aa bb" (foo node)
dom/nodes/Element-classlist.html	supported	classList.remove("b") with attribute value " a  b  c " (HTML node)
dom/nodes/Element-classlist.html	supported	classList.remove("b") with attribute value " a  b  c " (MathML node)
dom/nodes/Element-classlist.html	supported	classList.remove("b") with attribute value " a  b  c " (XHTML node)
dom/nodes/Element-classlist.html	supported	classList.remove("b") with attribute value " a  b  c " (XML node with null namespace)
dom/nodes/Element-classlist.html	supported	classList.remove("b") with attribute value " a  b  c " (foo node)
dom/nodes/Element-classlist.html	supported	classList.remove("b") with attribute value "a  b  c" (HTML node)
dom/nodes/Element-classlist.html	supported	classList.remove("b") with attribute value "a  b  c" (MathML node)
dom/nodes/Element-classlist.html	supported	classList.remove("b") with attribute value "a  b  c" (XHTML node)
dom/nodes/Element-classlist.html	supported	classList.remove("b") with attribute value "a  b  c" (XML node with null namespace)
dom/nodes/Element-classlist.html	supported	classList.remove("b") with attribute value "a  b  c" (foo node)
dom/nodes/Element-classlist.html	supported	classList.remove("b") with attribute value "a b b b c" (HTML node)
dom/nodes/Element-classlist.html	supported	classList.remove("b") with attribute value "a b b b c" (MathML node)
dom/nodes/Element-classlist.html	supported	classList.remove("b") with attribute value "a b b b c" (XHTML node)
dom/nodes/Element-classlist.html	supported	classList.remove("b") with attribute value "a b b b c" (XML node with null namespace)
dom/nodes/Element-classlist.html	supported	classList.remove("b") with attribute value "a b b b c" (foo node)
dom/nodes/Element-classlist.html	supported	classList.remove("bbb") with attribute value "aaa  bbb  ccc" (HTML node)
dom/nodes/Element-classlist.html	supported	classList.remove("bbb") with attribute value "aaa  bbb  ccc" (MathML node)
dom/nodes/Element-classlist.html	supported	classList.remove("bbb") with attribute value "aaa  bbb  ccc" (XHTML node)
dom/nodes/Element-classlist.html	supported	classList.remove("bbb") with attribute value "aaa  bbb  ccc" (XML node with null namespace)
dom/nodes/Element-classlist.html	supported	classList.remove("bbb") with attribute value "aaa  bbb  ccc" (foo node)
dom/nodes/Element-classlist.html	supported	classList.remove("c") with attribute value " a  b  c " (HTML node)
dom/nodes/Element-classlist.html	supported	classList.remove("c") with attribute value " a  b  c " (MathML node)
dom/nodes/Element-classlist.html	supported	classList.remove("c") with attribute value " a  b  c " (XHTML node)
dom/nodes/Element-classlist.html	supported	classList.remove("c") with attribute value " a  b  c " (XML node with null namespace)
dom/nodes/Element-classlist.html	supported	classList.remove("c") with attribute value " a  b  c " (foo node)
dom/nodes/Element-classlist.html	supported	classList.remove("c") with attribute value "a  b  c" (HTML node)
dom/nodes/Element-classlist.html	supported	classList.remove("c") with attribute value "a  b  c" (MathML node)
dom/nodes/Element-classlist.html	supported	classList.remove("c") with attribute value "a  b  c" (XHTML node)
dom/nodes/Element-classlist.html	supported	classList.remove("c") with attribute value "a  b  c" (XML node with null namespace)
dom/nodes/Element-classlist.html	supported	classList.remove("c") with attribute value "a  b  c" (foo node)
dom/nodes/Element-classlist.html	supported	classList.remove("c") with attribute value "a b c c c" (HTML node)
dom/nodes/Element-classlist.html	supported	classList.remove("c") with attribute value "a b c c c" (MathML node)
dom/nodes/Element-classlist.html	supported	classList.remove("c") with attribute value "a b c c c" (XHTML node)
dom/nodes/Element-classlist.html	supported	classList.remove("c") with attribute value "a b c c c" (XML node with null namespace)
dom/nodes/Element-classlist.html	supported	classList.remove("c") with attribute value "a b c c c" (foo node)
dom/nodes/Element-classlist.html	supported	classList.remove("d") with attribute value "a b  c" (HTML node)
dom/nodes/Element-classlist.html	supported	classList.remove("d") with attribute value "a b  c" (MathML node)
dom/nodes/Element-classlist.html	supported	classList.remove("d") with attribute value "a b  c" (XHTML node)
dom/nodes/Element-classlist.html	supported	classList.remove("d") with attribute value "a b  c" (XML node with null namespace)
dom/nodes/Element-classlist.html	supported	classList.remove("d") with attribute value "a b  c" (foo node)
dom/nodes/Element-classlist.html	supported	classList.remove("d", "d") with attribute value "a b c " (HTML node)
dom/nodes/Element-classlist.html	supported	classList.remove("d", "d") with attribute value "a b c " (MathML node)
dom/nodes/Element-classlist.html	supported	classList.remove("d", "d") with attribute value "a b c " (XHTML node)
dom/nodes/Element-classlist.html	supported	classList.remove("d", "d") with attribute value "a b c " (XML node with null namespace)
dom/nodes/Element-classlist.html	supported	classList.remove("d", "d") with attribute value "a b c " (foo node)
dom/nodes/Element-classlist.html	supported	classList.remove("d", "e") with attribute value "a b c " (HTML node)
dom/nodes/Element-classlist.html	supported	classList.remove("d", "e") with attribute value "a b c " (MathML node)
dom/nodes/Element-classlist.html	supported	classList.remove("d", "e") with attribute value "a b c " (XHTML node)
dom/nodes/Element-classlist.html	supported	classList.remove("d", "e") with attribute value "a b c " (XML node with null namespace)
dom/nodes/Element-classlist.html	supported	classList.remove("d", "e") with attribute value "a b c " (foo node)
dom/nodes/Element-classlist.html	supported	classList.remove() with attribute value "a a" (HTML node)
dom/nodes/Element-classlist.html	supported	classList.remove() with attribute value "a a" (MathML node)
dom/nodes/Element-classlist.html	supported	classList.remove() with attribute value "a a" (XHTML node)
dom/nodes/Element-classlist.html	supported	classList.remove() with attribute value "a a" (XML node with null namespace)
dom/nodes/Element-classlist.html	supported	classList.remove() with attribute value "a a" (foo node)
dom/nodes/Element-classlist.html	supported	classList.remove() with attribute value "a b c " (HTML node)
dom/nodes/Element-classlist.html	supported	classList.remove() with attribute value "a b c " (MathML node)
dom/nodes/Element-classlist.html	supported	classList.remove() with attribute value "a b c " (XHTML node)
dom/nodes/Element-classlist.html	supported	classList.remove() with attribute value "a b c " (XML node with null namespace)
dom/nodes/Element-classlist.html	supported	classList.remove() with attribute value "a b c " (foo node)
dom/nodes/Element-classlist.html	supported	classList.remove(null) with attribute value "null" (HTML node)
dom/nodes/Element-classlist.html	supported	classList.remove(null) with attribute value "null" (MathML node)
dom/nodes/Element-classlist.html	supported	classList.remove(null) with attribute value "null" (XHTML node)
dom/nodes/Element-classlist.html	supported	classList.remove(null) with attribute value "null" (XML node with null namespace)
dom/nodes/Element-classlist.html	supported	classList.remove(null) with attribute value "null" (foo node)
dom/nodes/Element-classlist.html	supported	classList.remove(undefined) with attribute value "undefined" (HTML node)
dom/nodes/Element-classlist.html	supported	classList.remove(undefined) with attribute value "undefined" (MathML node)
dom/nodes/Element-classlist.html	supported	classList.remove(undefined) with attribute value "undefined" (XHTML node)
dom/nodes/Element-classlist.html	supported	classList.remove(undefined) with attribute value "undefined" (XML node with null namespace)
dom/nodes/Element-classlist.html	supported	classList.remove(undefined) with attribute value "undefined" (foo node)
dom/nodes/Element-classlist.html	supported	classList.replace(" ", "") with attribute value null (HTML node)
dom/nodes/Element-classlist.html	supported	classList.replace(" ", "") with attribute value null (MathML node)
dom/nodes/Element-classlist.html	supported	classList.replace(" ", "") with attribute value null (XHTML node)
dom/nodes/Element-classlist.html	supported	classList.replace(" ", "") with attribute value null (XML node with null namespace)
dom/nodes/Element-classlist.html	supported	classList.replace(" ", "") with attribute value null (foo node)
dom/nodes/Element-classlist.html	supported	classList.replace(" ", "a") with attribute value null (HTML node)
dom/nodes/Element-classlist.html	supported	classList.replace(" ", "a") with attribute value null (MathML node)
dom/nodes/Element-classlist.html	supported	classList.replace(" ", "a") with attribute value null (XHTML node)
dom/nodes/Element-classlist.html	supported	classList.replace(" ", "a") with attribute value null (XML node with null namespace)
dom/nodes/Element-classlist.html	supported	classList.replace(" ", "a") with attribute value null (foo node)
dom/nodes/Element-classlist.html	supported	classList.replace(" a", "b") with attribute value null (HTML node)
dom/nodes/Element-classlist.html	supported	classList.replace(" a", "b") with attribute value null (MathML node)
dom/nodes/Element-classlist.html	supported	classList.replace(" a", "b") with attribute value null (XHTML node)
dom/nodes/Element-classlist.html	supported	classList.replace(" a", "b") with attribute value null (XML node with null namespace)
dom/nodes/Element-classlist.html	supported	classList.replace(" a", "b") with attribute value null (foo node)
dom/nodes/Element-classlist.html	supported	classList.replace("", " ") with attribute value null (HTML node)
dom/nodes/Element-classlist.html	supported	classList.replace("", " ") with attribute value null (MathML node)
dom/nodes/Element-classlist.html	supported	classList.replace("", " ") with attribute value null (XHTML node)
dom/nodes/Element-classlist.html	supported	classList.replace("", " ") with attribute value null (XML node with null namespace)
dom/nodes/Element-classlist.html	supported	classList.replace("", " ") with attribute value null (foo node)
dom/nodes/Element-classlist.html	supported	classList.replace("", "a") with attribute value null (HTML node)
dom/nodes/Element-classlist.html	supported	classList.replace("", "a") with attribute value null (MathML node)
dom/nodes/Element-classlist.html	supported	classList.replace("", "a") with attribute value null (XHTML node)
dom/nodes/Element-classlist.html	supported	classList.replace("", "a") with attribute value null (XML node with null namespace)
dom/nodes/Element-classlist.html	supported	classList.replace("", "a") with attribute value null (foo node)
dom/nodes/Element-classlist.html	supported	classList.replace("A", "b") with attribute value "a" (HTML node)
dom/nodes/Element-classlist.html	supported	classList.replace("A", "b") with attribute value "a" (MathML node)
dom/nodes/Element-classlist.html	supported	classList.replace("A", "b") with attribute value "a" (XHTML node)
dom/nodes/Element-classlist.html	supported	classList.replace("A", "b") with attribute value "a" (XML node with null namespace)
dom/nodes/Element-classlist.html	supported	classList.replace("A", "b") with attribute value "a" (foo node)
dom/nodes/Element-classlist.html	supported	classList.replace("\\fa", "b") with attribute value null (HTML node)
dom/nodes/Element-classlist.html	supported	classList.replace("\\fa", "b") with attribute value null (MathML node)
dom/nodes/Element-classlist.html	supported	classList.replace("\\fa", "b") with attribute value null (XHTML node)
dom/nodes/Element-classlist.html	supported	classList.replace("\\fa", "b") with attribute value null (XML node with null namespace)
dom/nodes/Element-classlist.html	supported	classList.replace("\\fa", "b") with attribute value null (foo node)
dom/nodes/Element-classlist.html	supported	classList.replace("\\na", "b") with attribute value null (HTML node)
dom/nodes/Element-classlist.html	supported	classList.replace("\\na", "b") with attribute value null (MathML node)
dom/nodes/Element-classlist.html	supported	classList.replace("\\na", "b") with attribute value null (XHTML node)
dom/nodes/Element-classlist.html	supported	classList.replace("\\na", "b") with attribute value null (XML node with null namespace)
dom/nodes/Element-classlist.html	supported	classList.replace("\\na", "b") with attribute value null (foo node)
dom/nodes/Element-classlist.html	supported	classList.replace("\\ra", "b") with attribute value null (HTML node)
dom/nodes/Element-classlist.html	supported	classList.replace("\\ra", "b") with attribute value null (MathML node)
dom/nodes/Element-classlist.html	supported	classList.replace("\\ra", "b") with attribute value null (XHTML node)
dom/nodes/Element-classlist.html	supported	classList.replace("\\ra", "b") with attribute value null (XML node with null namespace)
dom/nodes/Element-classlist.html	supported	classList.replace("\\ra", "b") with attribute value null (foo node)
dom/nodes/Element-classlist.html	supported	classList.replace("\\ta", "b") with attribute value null (HTML node)
dom/nodes/Element-classlist.html	supported	classList.replace("\\ta", "b") with attribute value null (MathML node)
dom/nodes/Element-classlist.html	supported	classList.replace("\\ta", "b") with attribute value null (XHTML node)
dom/nodes/Element-classlist.html	supported	classList.replace("\\ta", "b") with attribute value null (XML node with null namespace)
dom/nodes/Element-classlist.html	supported	classList.replace("\\ta", "b") with attribute value null (foo node)
dom/nodes/Element-classlist.html	supported	classList.replace("a ", "b") with attribute value null (HTML node)
dom/nodes/Element-classlist.html	supported	classList.replace("a ", "b") with attribute value null (MathML node)
dom/nodes/Element-classlist.html	supported	classList.replace("a ", "b") with attribute value null (XHTML node)
dom/nodes/Element-classlist.html	supported	classList.replace("a ", "b") with attribute value null (XML node with null namespace)
dom/nodes/Element-classlist.html	supported	classList.replace("a ", "b") with attribute value null (foo node)
dom/nodes/Element-classlist.html	supported	classList.replace("a", " ") with attribute value null (HTML node)
dom/nodes/Element-classlist.html	supported	classList.replace("a", " ") with attribute value null (MathML node)
dom/nodes/Element-classlist.html	supported	classList.replace("a", " ") with attribute value null (XHTML node)
dom/nodes/Element-classlist.html	supported	classList.replace("a", " ") with attribute value null (XML node with null namespace)
dom/nodes/Element-classlist.html	supported	classList.replace("a", " ") with attribute value null (foo node)
dom/nodes/Element-classlist.html	supported	classList.replace("a", "") with attribute value null (HTML node)
dom/nodes/Element-classlist.html	supported	classList.replace("a", "") with attribute value null (MathML node)
dom/nodes/Element-classlist.html	supported	classList.replace("a", "") with attribute value null (XHTML node)
dom/nodes/Element-classlist.html	supported	classList.replace("a", "") with attribute value null (XML node with null namespace)
dom/nodes/Element-classlist.html	supported	classList.replace("a", "") with attribute value null (foo node)
dom/nodes/Element-classlist.html	supported	classList.replace("a", "a") with attribute value "a a a  b" (HTML node)
dom/nodes/Element-classlist.html	supported	classList.replace("a", "a") with attribute value "a a a  b" (MathML node)
dom/nodes/Element-classlist.html	supported	classList.replace("a", "a") with attribute value "a a a  b" (XHTML node)
dom/nodes/Element-classlist.html	supported	classList.replace("a", "a") with attribute value "a a a  b" (XML node with null namespace)
dom/nodes/Element-classlist.html	supported	classList.replace("a", "a") with attribute value "a a a  b" (foo node)
dom/nodes/Element-classlist.html	deferred	classList.replace("a", "a") with attribute value "a" (HTML node)	Polyfill/observer behavior: replace(token, same token) returns true but no MutationObserver record; WPT expects one.
dom/nodes/Element-classlist.html	deferred	classList.replace("a", "a") with attribute value "a" (MathML node)	Polyfill/observer behavior: replace(token, same token) returns true but no MutationObserver record; WPT expects one.
dom/nodes/Element-classlist.html	deferred	classList.replace("a", "a") with attribute value "a" (XHTML node)	Polyfill/observer behavior: replace(token, same token) returns true but no MutationObserver record; WPT expects one.
dom/nodes/Element-classlist.html	deferred	classList.replace("a", "a") with attribute value "a" (XML node with null namespace)	Polyfill/observer behavior: replace(token, same token) returns true but no MutationObserver record; WPT expects one.
dom/nodes/Element-classlist.html	deferred	classList.replace("a", "a") with attribute value "a" (foo node)	Polyfill/observer behavior: replace(token, same token) returns true but no MutationObserver record; WPT expects one.
dom/nodes/Element-classlist.html	supported	classList.replace("a", "b") with attribute value " " (HTML node)
dom/nodes/Element-classlist.html	supported	classList.replace("a", "b") with attribute value " " (MathML node)
dom/nodes/Element-classlist.html	supported	classList.replace("a", "b") with attribute value " " (XHTML node)
dom/nodes/Element-classlist.html	supported	classList.replace("a", "b") with attribute value " " (XML node with null namespace)
dom/nodes/Element-classlist.html	supported	classList.replace("a", "b") with attribute value " " (foo node)
dom/nodes/Element-classlist.html	supported	classList.replace("a", "b") with attribute value " a  \\f" (HTML node)
dom/nodes/Element-classlist.html	supported	classList.replace("a", "b") with attribute value " a  \\f" (MathML node)
dom/nodes/Element-classlist.html	supported	classList.replace("a", "b") with attribute value " a  \\f" (XHTML node)
dom/nodes/Element-classlist.html	supported	classList.replace("a", "b") with attribute value " a  \\f" (XML node with null namespace)
dom/nodes/Element-classlist.html	supported	classList.replace("a", "b") with attribute value " a  \\f" (foo node)
dom/nodes/Element-classlist.html	supported	classList.replace("a", "b") with attribute value "" (HTML node)
dom/nodes/Element-classlist.html	supported	classList.replace("a", "b") with attribute value "" (MathML node)
dom/nodes/Element-classlist.html	supported	classList.replace("a", "b") with attribute value "" (XHTML node)
dom/nodes/Element-classlist.html	supported	classList.replace("a", "b") with attribute value "" (XML node with null namespace)
dom/nodes/Element-classlist.html	supported	classList.replace("a", "b") with attribute value "" (foo node)
dom/nodes/Element-classlist.html	supported	classList.replace("a", "b") with attribute value "a" (HTML node)
dom/nodes/Element-classlist.html	supported	classList.replace("a", "b") with attribute value "a" (MathML node)
dom/nodes/Element-classlist.html	supported	classList.replace("a", "b") with attribute value "a" (XHTML node)
dom/nodes/Element-classlist.html	supported	classList.replace("a", "b") with attribute value "a" (XML node with null namespace)
dom/nodes/Element-classlist.html	supported	classList.replace("a", "b") with attribute value "a" (foo node)
dom/nodes/Element-classlist.html	supported	classList.replace("a", "b") with attribute value null (HTML node)
dom/nodes/Element-classlist.html	supported	classList.replace("a", "b") with attribute value null (MathML node)
dom/nodes/Element-classlist.html	supported	classList.replace("a", "b") with attribute value null (XHTML node)
dom/nodes/Element-classlist.html	supported	classList.replace("a", "b") with attribute value null (XML node with null namespace)
dom/nodes/Element-classlist.html	supported	classList.replace("a", "b") with attribute value null (foo node)
dom/nodes/Element-classlist.html	supported	classList.replace("a", "c") with attribute value "   a  a b" (HTML node)
dom/nodes/Element-classlist.html	supported	classList.replace("a", "c") with attribute value "   a  a b" (MathML node)
dom/nodes/Element-classlist.html	supported	classList.replace("a", "c") with attribute value "   a  a b" (XHTML node)
dom/nodes/Element-classlist.html	supported	classList.replace("a", "c") with attribute value "   a  a b" (XML node with null namespace)
dom/nodes/Element-classlist.html	supported	classList.replace("a", "c") with attribute value "   a  a b" (foo node)
dom/nodes/Element-classlist.html	supported	classList.replace("a", "c") with attribute value "\\t\\n\\f\\r a\\t\\n\\f\\r b\\t\\n\\f\\r " (HTML node)
dom/nodes/Element-classlist.html	supported	classList.replace("a", "c") with attribute value "\\t\\n\\f\\r a\\t\\n\\f\\r b\\t\\n\\f\\r " (MathML node)
dom/nodes/Element-classlist.html	supported	classList.replace("a", "c") with attribute value "\\t\\n\\f\\r a\\t\\n\\f\\r b\\t\\n\\f\\r " (XHTML node)
dom/nodes/Element-classlist.html	supported	classList.replace("a", "c") with attribute value "\\t\\n\\f\\r a\\t\\n\\f\\r b\\t\\n\\f\\r " (XML node with null namespace)
dom/nodes/Element-classlist.html	supported	classList.replace("a", "c") with attribute value "\\t\\n\\f\\r a\\t\\n\\f\\r b\\t\\n\\f\\r " (foo node)
dom/nodes/Element-classlist.html	supported	classList.replace("a", "c") with attribute value "a b a" (HTML node)
dom/nodes/Element-classlist.html	supported	classList.replace("a", "c") with attribute value "a b a" (MathML node)
dom/nodes/Element-classlist.html	supported	classList.replace("a", "c") with attribute value "a b a" (XHTML node)
dom/nodes/Element-classlist.html	supported	classList.replace("a", "c") with attribute value "a b a" (XML node with null namespace)
dom/nodes/Element-classlist.html	supported	classList.replace("a", "c") with attribute value "a b a" (foo node)
dom/nodes/Element-classlist.html	supported	classList.replace("a", null) with attribute value "a b" (HTML node)
dom/nodes/Element-classlist.html	supported	classList.replace("a", null) with attribute value "a b" (MathML node)
dom/nodes/Element-classlist.html	supported	classList.replace("a", null) with attribute value "a b" (XHTML node)
dom/nodes/Element-classlist.html	supported	classList.replace("a", null) with attribute value "a b" (XML node with null namespace)
dom/nodes/Element-classlist.html	supported	classList.replace("a", null) with attribute value "a b" (foo node)
dom/nodes/Element-classlist.html	supported	classList.replace("a", undefined) with attribute value "a b" (HTML node)
dom/nodes/Element-classlist.html	supported	classList.replace("a", undefined) with attribute value "a b" (MathML node)
dom/nodes/Element-classlist.html	supported	classList.replace("a", undefined) with attribute value "a b" (XHTML node)
dom/nodes/Element-classlist.html	supported	classList.replace("a", undefined) with attribute value "a b" (XML node with null namespace)
dom/nodes/Element-classlist.html	supported	classList.replace("a", undefined) with attribute value "a b" (foo node)
dom/nodes/Element-classlist.html	supported	classList.replace("a\\f", "b") with attribute value null (HTML node)
dom/nodes/Element-classlist.html	supported	classList.replace("a\\f", "b") with attribute value null (MathML node)
dom/nodes/Element-classlist.html	supported	classList.replace("a\\f", "b") with attribute value null (XHTML node)
dom/nodes/Element-classlist.html	supported	classList.replace("a\\f", "b") with attribute value null (XML node with null namespace)
dom/nodes/Element-classlist.html	supported	classList.replace("a\\f", "b") with attribute value null (foo node)
dom/nodes/Element-classlist.html	supported	classList.replace("a\\n", "b") with attribute value null (HTML node)
dom/nodes/Element-classlist.html	supported	classList.replace("a\\n", "b") with attribute value null (MathML node)
dom/nodes/Element-classlist.html	supported	classList.replace("a\\n", "b") with attribute value null (XHTML node)
dom/nodes/Element-classlist.html	supported	classList.replace("a\\n", "b") with attribute value null (XML node with null namespace)
dom/nodes/Element-classlist.html	supported	classList.replace("a\\n", "b") with attribute value null (foo node)
dom/nodes/Element-classlist.html	supported	classList.replace("a\\r", "b") with attribute value null (HTML node)
dom/nodes/Element-classlist.html	supported	classList.replace("a\\r", "b") with attribute value null (MathML node)
dom/nodes/Element-classlist.html	supported	classList.replace("a\\r", "b") with attribute value null (XHTML node)
dom/nodes/Element-classlist.html	supported	classList.replace("a\\r", "b") with attribute value null (XML node with null namespace)
dom/nodes/Element-classlist.html	supported	classList.replace("a\\r", "b") with attribute value null (foo node)
dom/nodes/Element-classlist.html	supported	classList.replace("a\\t", "b") with attribute value null (HTML node)
dom/nodes/Element-classlist.html	supported	classList.replace("a\\t", "b") with attribute value null (MathML node)
dom/nodes/Element-classlist.html	supported	classList.replace("a\\t", "b") with attribute value null (XHTML node)
dom/nodes/Element-classlist.html	supported	classList.replace("a\\t", "b") with attribute value null (XML node with null namespace)
dom/nodes/Element-classlist.html	supported	classList.replace("a\\t", "b") with attribute value null (foo node)
dom/nodes/Element-classlist.html	supported	classList.replace("b", " a") with attribute value null (HTML node)
dom/nodes/Element-classlist.html	supported	classList.replace("b", " a") with attribute value null (MathML node)
dom/nodes/Element-classlist.html	supported	classList.replace("b", " a") with attribute value null (XHTML node)
dom/nodes/Element-classlist.html	supported	classList.replace("b", " a") with attribute value null (XML node with null namespace)
dom/nodes/Element-classlist.html	supported	classList.replace("b", " a") with attribute value null (foo node)
dom/nodes/Element-classlist.html	supported	classList.replace("b", "A") with attribute value "a b" (HTML node)
dom/nodes/Element-classlist.html	supported	classList.replace("b", "A") with attribute value "a b" (MathML node)
dom/nodes/Element-classlist.html	supported	classList.replace("b", "A") with attribute value "a b" (XHTML node)
dom/nodes/Element-classlist.html	supported	classList.replace("b", "A") with attribute value "a b" (XML node with null namespace)
dom/nodes/Element-classlist.html	supported	classList.replace("b", "A") with attribute value "a b" (foo node)
dom/nodes/Element-classlist.html	supported	classList.replace("b", "\\fa") with attribute value null (HTML node)
dom/nodes/Element-classlist.html	supported	classList.replace("b", "\\fa") with attribute value null (MathML node)
dom/nodes/Element-classlist.html	supported	classList.replace("b", "\\fa") with attribute value null (XHTML node)
dom/nodes/Element-classlist.html	supported	classList.replace("b", "\\fa") with attribute value null (XML node with null namespace)
dom/nodes/Element-classlist.html	supported	classList.replace("b", "\\fa") with attribute value null (foo node)
dom/nodes/Element-classlist.html	supported	classList.replace("b", "\\na") with attribute value null (HTML node)
dom/nodes/Element-classlist.html	supported	classList.replace("b", "\\na") with attribute value null (MathML node)
dom/nodes/Element-classlist.html	supported	classList.replace("b", "\\na") with attribute value null (XHTML node)
dom/nodes/Element-classlist.html	supported	classList.replace("b", "\\na") with attribute value null (XML node with null namespace)
dom/nodes/Element-classlist.html	supported	classList.replace("b", "\\na") with attribute value null (foo node)
dom/nodes/Element-classlist.html	supported	classList.replace("b", "\\ra") with attribute value null (HTML node)
dom/nodes/Element-classlist.html	supported	classList.replace("b", "\\ra") with attribute value null (MathML node)
dom/nodes/Element-classlist.html	supported	classList.replace("b", "\\ra") with attribute value null (XHTML node)
dom/nodes/Element-classlist.html	supported	classList.replace("b", "\\ra") with attribute value null (XML node with null namespace)
dom/nodes/Element-classlist.html	supported	classList.replace("b", "\\ra") with attribute value null (foo node)
dom/nodes/Element-classlist.html	supported	classList.replace("b", "\\ta") with attribute value null (HTML node)
dom/nodes/Element-classlist.html	supported	classList.replace("b", "\\ta") with attribute value null (MathML node)
dom/nodes/Element-classlist.html	supported	classList.replace("b", "\\ta") with attribute value null (XHTML node)
dom/nodes/Element-classlist.html	supported	classList.replace("b", "\\ta") with attribute value null (XML node with null namespace)
dom/nodes/Element-classlist.html	supported	classList.replace("b", "\\ta") with attribute value null (foo node)
dom/nodes/Element-classlist.html	supported	classList.replace("b", "a ") with attribute value null (HTML node)
dom/nodes/Element-classlist.html	supported	classList.replace("b", "a ") with attribute value null (MathML node)
dom/nodes/Element-classlist.html	supported	classList.replace("b", "a ") with attribute value null (XHTML node)
dom/nodes/Element-classlist.html	supported	classList.replace("b", "a ") with attribute value null (XML node with null namespace)
dom/nodes/Element-classlist.html	supported	classList.replace("b", "a ") with attribute value null (foo node)
dom/nodes/Element-classlist.html	supported	classList.replace("b", "a\\f") with attribute value null (HTML node)
dom/nodes/Element-classlist.html	supported	classList.replace("b", "a\\f") with attribute value null (MathML node)
dom/nodes/Element-classlist.html	supported	classList.replace("b", "a\\f") with attribute value null (XHTML node)
dom/nodes/Element-classlist.html	supported	classList.replace("b", "a\\f") with attribute value null (XML node with null namespace)
dom/nodes/Element-classlist.html	supported	classList.replace("b", "a\\f") with attribute value null (foo node)
dom/nodes/Element-classlist.html	supported	classList.replace("b", "a\\n") with attribute value null (HTML node)
dom/nodes/Element-classlist.html	supported	classList.replace("b", "a\\n") with attribute value null (MathML node)
dom/nodes/Element-classlist.html	supported	classList.replace("b", "a\\n") with attribute value null (XHTML node)
dom/nodes/Element-classlist.html	supported	classList.replace("b", "a\\n") with attribute value null (XML node with null namespace)
dom/nodes/Element-classlist.html	supported	classList.replace("b", "a\\n") with attribute value null (foo node)
dom/nodes/Element-classlist.html	supported	classList.replace("b", "a\\r") with attribute value null (HTML node)
dom/nodes/Element-classlist.html	supported	classList.replace("b", "a\\r") with attribute value null (MathML node)
dom/nodes/Element-classlist.html	supported	classList.replace("b", "a\\r") with attribute value null (XHTML node)
dom/nodes/Element-classlist.html	supported	classList.replace("b", "a\\r") with attribute value null (XML node with null namespace)
dom/nodes/Element-classlist.html	supported	classList.replace("b", "a\\r") with attribute value null (foo node)
dom/nodes/Element-classlist.html	supported	classList.replace("b", "a\\t") with attribute value null (HTML node)
dom/nodes/Element-classlist.html	supported	classList.replace("b", "a\\t") with attribute value null (MathML node)
dom/nodes/Element-classlist.html	supported	classList.replace("b", "a\\t") with attribute value null (XHTML node)
dom/nodes/Element-classlist.html	supported	classList.replace("b", "a\\t") with attribute value null (XML node with null namespace)
dom/nodes/Element-classlist.html	supported	classList.replace("b", "a\\t") with attribute value null (foo node)
dom/nodes/Element-classlist.html	supported	classList.replace("b", "c") with attribute value "   a  a b" (HTML node)
dom/nodes/Element-classlist.html	supported	classList.replace("b", "c") with attribute value "   a  a b" (MathML node)
dom/nodes/Element-classlist.html	supported	classList.replace("b", "c") with attribute value "   a  a b" (XHTML node)
dom/nodes/Element-classlist.html	supported	classList.replace("b", "c") with attribute value "   a  a b" (XML node with null namespace)
dom/nodes/Element-classlist.html	supported	classList.replace("b", "c") with attribute value "   a  a b" (foo node)
dom/nodes/Element-classlist.html	supported	classList.replace("b", "c") with attribute value "\\t\\n\\f\\r a\\t\\n\\f\\r b\\t\\n\\f\\r " (HTML node)
dom/nodes/Element-classlist.html	supported	classList.replace("b", "c") with attribute value "\\t\\n\\f\\r a\\t\\n\\f\\r b\\t\\n\\f\\r " (MathML node)
dom/nodes/Element-classlist.html	supported	classList.replace("b", "c") with attribute value "\\t\\n\\f\\r a\\t\\n\\f\\r b\\t\\n\\f\\r " (XHTML node)
dom/nodes/Element-classlist.html	supported	classList.replace("b", "c") with attribute value "\\t\\n\\f\\r a\\t\\n\\f\\r b\\t\\n\\f\\r " (XML node with null namespace)
dom/nodes/Element-classlist.html	supported	classList.replace("b", "c") with attribute value "\\t\\n\\f\\r a\\t\\n\\f\\r b\\t\\n\\f\\r " (foo node)
dom/nodes/Element-classlist.html	supported	classList.replace("b", "c") with attribute value "a b a" (HTML node)
dom/nodes/Element-classlist.html	supported	classList.replace("b", "c") with attribute value "a b a" (MathML node)
dom/nodes/Element-classlist.html	supported	classList.replace("b", "c") with attribute value "a b a" (XHTML node)
dom/nodes/Element-classlist.html	supported	classList.replace("b", "c") with attribute value "a b a" (XML node with null namespace)
dom/nodes/Element-classlist.html	supported	classList.replace("b", "c") with attribute value "a b a" (foo node)
dom/nodes/Element-classlist.html	supported	classList.replace("b", "d") with attribute value "a b c" (HTML node)
dom/nodes/Element-classlist.html	supported	classList.replace("b", "d") with attribute value "a b c" (MathML node)
dom/nodes/Element-classlist.html	supported	classList.replace("b", "d") with attribute value "a b c" (XHTML node)
dom/nodes/Element-classlist.html	supported	classList.replace("b", "d") with attribute value "a b c" (XML node with null namespace)
dom/nodes/Element-classlist.html	supported	classList.replace("b", "d") with attribute value "a b c" (foo node)
dom/nodes/Element-classlist.html	supported	classList.replace("c", "a") with attribute value "a b c" (HTML node)
dom/nodes/Element-classlist.html	supported	classList.replace("c", "a") with attribute value "a b c" (MathML node)
dom/nodes/Element-classlist.html	supported	classList.replace("c", "a") with attribute value "a b c" (XHTML node)
dom/nodes/Element-classlist.html	supported	classList.replace("c", "a") with attribute value "a b c" (XML node with null namespace)
dom/nodes/Element-classlist.html	supported	classList.replace("c", "a") with attribute value "a b c" (foo node)
dom/nodes/Element-classlist.html	supported	classList.replace("c", "a") with attribute value "a b" (HTML node)
dom/nodes/Element-classlist.html	supported	classList.replace("c", "a") with attribute value "a b" (MathML node)
dom/nodes/Element-classlist.html	supported	classList.replace("c", "a") with attribute value "a b" (XHTML node)
dom/nodes/Element-classlist.html	supported	classList.replace("c", "a") with attribute value "a b" (XML node with null namespace)
dom/nodes/Element-classlist.html	supported	classList.replace("c", "a") with attribute value "a b" (foo node)
dom/nodes/Element-classlist.html	supported	classList.replace("c", "a") with attribute value "c b a" (HTML node)
dom/nodes/Element-classlist.html	supported	classList.replace("c", "a") with attribute value "c b a" (MathML node)
dom/nodes/Element-classlist.html	supported	classList.replace("c", "a") with attribute value "c b a" (XHTML node)
dom/nodes/Element-classlist.html	supported	classList.replace("c", "a") with attribute value "c b a" (XML node with null namespace)
dom/nodes/Element-classlist.html	supported	classList.replace("c", "a") with attribute value "c b a" (foo node)
dom/nodes/Element-classlist.html	supported	classList.replace("c", "d") with attribute value "a a a  b" (HTML node)
dom/nodes/Element-classlist.html	supported	classList.replace("c", "d") with attribute value "a a a  b" (MathML node)
dom/nodes/Element-classlist.html	supported	classList.replace("c", "d") with attribute value "a a a  b" (XHTML node)
dom/nodes/Element-classlist.html	supported	classList.replace("c", "d") with attribute value "a a a  b" (XML node with null namespace)
dom/nodes/Element-classlist.html	supported	classList.replace("c", "d") with attribute value "a a a  b" (foo node)
dom/nodes/Element-classlist.html	supported	classList.replace("d", "e") with attribute value "a b c" (HTML node)
dom/nodes/Element-classlist.html	supported	classList.replace("d", "e") with attribute value "a b c" (MathML node)
dom/nodes/Element-classlist.html	supported	classList.replace("d", "e") with attribute value "a b c" (XHTML node)
dom/nodes/Element-classlist.html	supported	classList.replace("d", "e") with attribute value "a b c" (XML node with null namespace)
dom/nodes/Element-classlist.html	supported	classList.replace("d", "e") with attribute value "a b c" (foo node)
dom/nodes/Element-classlist.html	supported	classList.replace(null, "b") with attribute value "a null" (HTML node)
dom/nodes/Element-classlist.html	supported	classList.replace(null, "b") with attribute value "a null" (MathML node)
dom/nodes/Element-classlist.html	supported	classList.replace(null, "b") with attribute value "a null" (XHTML node)
dom/nodes/Element-classlist.html	supported	classList.replace(null, "b") with attribute value "a null" (XML node with null namespace)
dom/nodes/Element-classlist.html	supported	classList.replace(null, "b") with attribute value "a null" (foo node)
dom/nodes/Element-classlist.html	supported	classList.replace(undefined, "b") with attribute value "a undefined" (HTML node)
dom/nodes/Element-classlist.html	supported	classList.replace(undefined, "b") with attribute value "a undefined" (MathML node)
dom/nodes/Element-classlist.html	supported	classList.replace(undefined, "b") with attribute value "a undefined" (XHTML node)
dom/nodes/Element-classlist.html	supported	classList.replace(undefined, "b") with attribute value "a undefined" (XML node with null namespace)
dom/nodes/Element-classlist.html	supported	classList.replace(undefined, "b") with attribute value "a undefined" (foo node)
dom/nodes/Element-classlist.html	supported	classList.toString() when removed (HTML node)
dom/nodes/Element-classlist.html	supported	classList.toString() when removed (MathML node)
dom/nodes/Element-classlist.html	supported	classList.toString() when removed (XHTML node)
dom/nodes/Element-classlist.html	supported	classList.toString() when removed (XML node with null namespace)
dom/nodes/Element-classlist.html	supported	classList.toString() when removed (foo node)
dom/nodes/Element-classlist.html	supported	classList.toString() when set to "   a  a b" (HTML node)
dom/nodes/Element-classlist.html	supported	classList.toString() when set to "   a  a b" (MathML node)
dom/nodes/Element-classlist.html	supported	classList.toString() when set to "   a  a b" (XHTML node)
dom/nodes/Element-classlist.html	supported	classList.toString() when set to "   a  a b" (XML node with null namespace)
dom/nodes/Element-classlist.html	supported	classList.toString() when set to "   a  a b" (foo node)
dom/nodes/Element-classlist.html	supported	classList.toString() when set to "foo" (HTML node)
dom/nodes/Element-classlist.html	supported	classList.toString() when set to "foo" (MathML node)
dom/nodes/Element-classlist.html	supported	classList.toString() when set to "foo" (XHTML node)
dom/nodes/Element-classlist.html	supported	classList.toString() when set to "foo" (XML node with null namespace)
dom/nodes/Element-classlist.html	supported	classList.toString() when set to "foo" (foo node)
dom/nodes/Element-classlist.html	supported	classList.toggle(" ", false) with attribute value null (HTML node)
dom/nodes/Element-classlist.html	supported	classList.toggle(" ", false) with attribute value null (MathML node)
dom/nodes/Element-classlist.html	supported	classList.toggle(" ", false) with attribute value null (XHTML node)
dom/nodes/Element-classlist.html	supported	classList.toggle(" ", false) with attribute value null (XML node with null namespace)
dom/nodes/Element-classlist.html	supported	classList.toggle(" ", false) with attribute value null (foo node)
dom/nodes/Element-classlist.html	supported	classList.toggle(" ", true) with attribute value null (HTML node)
dom/nodes/Element-classlist.html	supported	classList.toggle(" ", true) with attribute value null (MathML node)
dom/nodes/Element-classlist.html	supported	classList.toggle(" ", true) with attribute value null (XHTML node)
dom/nodes/Element-classlist.html	supported	classList.toggle(" ", true) with attribute value null (XML node with null namespace)
dom/nodes/Element-classlist.html	supported	classList.toggle(" ", true) with attribute value null (foo node)
dom/nodes/Element-classlist.html	supported	classList.toggle(" a", false) with attribute value " a" (HTML node)
dom/nodes/Element-classlist.html	supported	classList.toggle(" a", false) with attribute value " a" (MathML node)
dom/nodes/Element-classlist.html	supported	classList.toggle(" a", false) with attribute value " a" (XHTML node)
dom/nodes/Element-classlist.html	supported	classList.toggle(" a", false) with attribute value " a" (XML node with null namespace)
dom/nodes/Element-classlist.html	supported	classList.toggle(" a", false) with attribute value " a" (foo node)
dom/nodes/Element-classlist.html	supported	classList.toggle(" a", true) with attribute value null (HTML node)
dom/nodes/Element-classlist.html	supported	classList.toggle(" a", true) with attribute value null (MathML node)
dom/nodes/Element-classlist.html	supported	classList.toggle(" a", true) with attribute value null (XHTML node)
dom/nodes/Element-classlist.html	supported	classList.toggle(" a", true) with attribute value null (XML node with null namespace)
dom/nodes/Element-classlist.html	supported	classList.toggle(" a", true) with attribute value null (foo node)
dom/nodes/Element-classlist.html	supported	classList.toggle("") with attribute value null (HTML node)
dom/nodes/Element-classlist.html	supported	classList.toggle("") with attribute value null (MathML node)
dom/nodes/Element-classlist.html	supported	classList.toggle("") with attribute value null (XHTML node)
dom/nodes/Element-classlist.html	supported	classList.toggle("") with attribute value null (XML node with null namespace)
dom/nodes/Element-classlist.html	supported	classList.toggle("") with attribute value null (foo node)
dom/nodes/Element-classlist.html	supported	classList.toggle("", false) with attribute value null (HTML node)
dom/nodes/Element-classlist.html	supported	classList.toggle("", false) with attribute value null (MathML node)
dom/nodes/Element-classlist.html	supported	classList.toggle("", false) with attribute value null (XHTML node)
dom/nodes/Element-classlist.html	supported	classList.toggle("", false) with attribute value null (XML node with null namespace)
dom/nodes/Element-classlist.html	supported	classList.toggle("", false) with attribute value null (foo node)
dom/nodes/Element-classlist.html	supported	classList.toggle("", true) with attribute value null (HTML node)
dom/nodes/Element-classlist.html	supported	classList.toggle("", true) with attribute value null (MathML node)
dom/nodes/Element-classlist.html	supported	classList.toggle("", true) with attribute value null (XHTML node)
dom/nodes/Element-classlist.html	supported	classList.toggle("", true) with attribute value null (XML node with null namespace)
dom/nodes/Element-classlist.html	supported	classList.toggle("", true) with attribute value null (foo node)
dom/nodes/Element-classlist.html	supported	classList.toggle("A") with attribute value "a" (HTML node)
dom/nodes/Element-classlist.html	supported	classList.toggle("A") with attribute value "a" (MathML node)
dom/nodes/Element-classlist.html	supported	classList.toggle("A") with attribute value "a" (XHTML node)
dom/nodes/Element-classlist.html	supported	classList.toggle("A") with attribute value "a" (XML node with null namespace)
dom/nodes/Element-classlist.html	supported	classList.toggle("A") with attribute value "a" (foo node)
dom/nodes/Element-classlist.html	supported	classList.toggle("A", false) with attribute value "a b  c" (HTML node)
dom/nodes/Element-classlist.html	supported	classList.toggle("A", false) with attribute value "a b  c" (MathML node)
dom/nodes/Element-classlist.html	supported	classList.toggle("A", false) with attribute value "a b  c" (XHTML node)
dom/nodes/Element-classlist.html	supported	classList.toggle("A", false) with attribute value "a b  c" (XML node with null namespace)
dom/nodes/Element-classlist.html	supported	classList.toggle("A", false) with attribute value "a b  c" (foo node)
dom/nodes/Element-classlist.html	supported	classList.toggle("AA", false) with attribute value "AA BB aa CC AA dd aa" (HTML node)
dom/nodes/Element-classlist.html	supported	classList.toggle("AA", false) with attribute value "AA BB aa CC AA dd aa" (MathML node)
dom/nodes/Element-classlist.html	supported	classList.toggle("AA", false) with attribute value "AA BB aa CC AA dd aa" (XHTML node)
dom/nodes/Element-classlist.html	supported	classList.toggle("AA", false) with attribute value "AA BB aa CC AA dd aa" (XML node with null namespace)
dom/nodes/Element-classlist.html	supported	classList.toggle("AA", false) with attribute value "AA BB aa CC AA dd aa" (foo node)
dom/nodes/Element-classlist.html	supported	classList.toggle("AA", true) with attribute value "aa" (HTML node)
dom/nodes/Element-classlist.html	supported	classList.toggle("AA", true) with attribute value "aa" (MathML node)
dom/nodes/Element-classlist.html	supported	classList.toggle("AA", true) with attribute value "aa" (XHTML node)
dom/nodes/Element-classlist.html	supported	classList.toggle("AA", true) with attribute value "aa" (XML node with null namespace)
dom/nodes/Element-classlist.html	supported	classList.toggle("AA", true) with attribute value "aa" (foo node)
dom/nodes/Element-classlist.html	supported	classList.toggle("\\fa", false) with attribute value "\\fa" (HTML node)
dom/nodes/Element-classlist.html	supported	classList.toggle("\\fa", false) with attribute value "\\fa" (MathML node)
dom/nodes/Element-classlist.html	supported	classList.toggle("\\fa", false) with attribute value "\\fa" (XHTML node)
dom/nodes/Element-classlist.html	supported	classList.toggle("\\fa", false) with attribute value "\\fa" (XML node with null namespace)
dom/nodes/Element-classlist.html	supported	classList.toggle("\\fa", false) with attribute value "\\fa" (foo node)
dom/nodes/Element-classlist.html	supported	classList.toggle("\\fa", true) with attribute value null (HTML node)
dom/nodes/Element-classlist.html	supported	classList.toggle("\\fa", true) with attribute value null (MathML node)
dom/nodes/Element-classlist.html	supported	classList.toggle("\\fa", true) with attribute value null (XHTML node)
dom/nodes/Element-classlist.html	supported	classList.toggle("\\fa", true) with attribute value null (XML node with null namespace)
dom/nodes/Element-classlist.html	supported	classList.toggle("\\fa", true) with attribute value null (foo node)
dom/nodes/Element-classlist.html	supported	classList.toggle("\\na", false) with attribute value "\\na" (HTML node)
dom/nodes/Element-classlist.html	supported	classList.toggle("\\na", false) with attribute value "\\na" (MathML node)
dom/nodes/Element-classlist.html	supported	classList.toggle("\\na", false) with attribute value "\\na" (XHTML node)
dom/nodes/Element-classlist.html	supported	classList.toggle("\\na", false) with attribute value "\\na" (XML node with null namespace)
dom/nodes/Element-classlist.html	supported	classList.toggle("\\na", false) with attribute value "\\na" (foo node)
dom/nodes/Element-classlist.html	supported	classList.toggle("\\na", true) with attribute value null (HTML node)
dom/nodes/Element-classlist.html	supported	classList.toggle("\\na", true) with attribute value null (MathML node)
dom/nodes/Element-classlist.html	supported	classList.toggle("\\na", true) with attribute value null (XHTML node)
dom/nodes/Element-classlist.html	supported	classList.toggle("\\na", true) with attribute value null (XML node with null namespace)
dom/nodes/Element-classlist.html	supported	classList.toggle("\\na", true) with attribute value null (foo node)
dom/nodes/Element-classlist.html	supported	classList.toggle("\\ra", false) with attribute value "\\ra" (HTML node)
dom/nodes/Element-classlist.html	supported	classList.toggle("\\ra", false) with attribute value "\\ra" (MathML node)
dom/nodes/Element-classlist.html	supported	classList.toggle("\\ra", false) with attribute value "\\ra" (XHTML node)
dom/nodes/Element-classlist.html	supported	classList.toggle("\\ra", false) with attribute value "\\ra" (XML node with null namespace)
dom/nodes/Element-classlist.html	supported	classList.toggle("\\ra", false) with attribute value "\\ra" (foo node)
dom/nodes/Element-classlist.html	supported	classList.toggle("\\ra", true) with attribute value null (HTML node)
dom/nodes/Element-classlist.html	supported	classList.toggle("\\ra", true) with attribute value null (MathML node)
dom/nodes/Element-classlist.html	supported	classList.toggle("\\ra", true) with attribute value null (XHTML node)
dom/nodes/Element-classlist.html	supported	classList.toggle("\\ra", true) with attribute value null (XML node with null namespace)
dom/nodes/Element-classlist.html	supported	classList.toggle("\\ra", true) with attribute value null (foo node)
dom/nodes/Element-classlist.html	supported	classList.toggle("\\ta", false) with attribute value "\\ta" (HTML node)
dom/nodes/Element-classlist.html	supported	classList.toggle("\\ta", false) with attribute value "\\ta" (MathML node)
dom/nodes/Element-classlist.html	supported	classList.toggle("\\ta", false) with attribute value "\\ta" (XHTML node)
dom/nodes/Element-classlist.html	supported	classList.toggle("\\ta", false) with attribute value "\\ta" (XML node with null namespace)
dom/nodes/Element-classlist.html	supported	classList.toggle("\\ta", false) with attribute value "\\ta" (foo node)
dom/nodes/Element-classlist.html	supported	classList.toggle("\\ta", true) with attribute value null (HTML node)
dom/nodes/Element-classlist.html	supported	classList.toggle("\\ta", true) with attribute value null (MathML node)
dom/nodes/Element-classlist.html	supported	classList.toggle("\\ta", true) with attribute value null (XHTML node)
dom/nodes/Element-classlist.html	supported	classList.toggle("\\ta", true) with attribute value null (XML node with null namespace)
dom/nodes/Element-classlist.html	supported	classList.toggle("\\ta", true) with attribute value null (foo node)
dom/nodes/Element-classlist.html	supported	classList.toggle("a ", false) with attribute value "a " (HTML node)
dom/nodes/Element-classlist.html	supported	classList.toggle("a ", false) with attribute value "a " (MathML node)
dom/nodes/Element-classlist.html	supported	classList.toggle("a ", false) with attribute value "a " (XHTML node)
dom/nodes/Element-classlist.html	supported	classList.toggle("a ", false) with attribute value "a " (XML node with null namespace)
dom/nodes/Element-classlist.html	supported	classList.toggle("a ", false) with attribute value "a " (foo node)
dom/nodes/Element-classlist.html	supported	classList.toggle("a ", true) with attribute value null (HTML node)
dom/nodes/Element-classlist.html	supported	classList.toggle("a ", true) with attribute value null (MathML node)
dom/nodes/Element-classlist.html	supported	classList.toggle("a ", true) with attribute value null (XHTML node)
dom/nodes/Element-classlist.html	supported	classList.toggle("a ", true) with attribute value null (XML node with null namespace)
dom/nodes/Element-classlist.html	supported	classList.toggle("a ", true) with attribute value null (foo node)
dom/nodes/Element-classlist.html	supported	classList.toggle("a") with attribute value "   \\f" (HTML node)
dom/nodes/Element-classlist.html	supported	classList.toggle("a") with attribute value "   \\f" (MathML node)
dom/nodes/Element-classlist.html	supported	classList.toggle("a") with attribute value "   \\f" (XHTML node)
dom/nodes/Element-classlist.html	supported	classList.toggle("a") with attribute value "   \\f" (XML node with null namespace)
dom/nodes/Element-classlist.html	supported	classList.toggle("a") with attribute value "   \\f" (foo node)
dom/nodes/Element-classlist.html	supported	classList.toggle("a") with attribute value " " (HTML node)
dom/nodes/Element-classlist.html	supported	classList.toggle("a") with attribute value " " (MathML node)
dom/nodes/Element-classlist.html	supported	classList.toggle("a") with attribute value " " (XHTML node)
dom/nodes/Element-classlist.html	supported	classList.toggle("a") with attribute value " " (XML node with null namespace)
dom/nodes/Element-classlist.html	supported	classList.toggle("a") with attribute value " " (foo node)
dom/nodes/Element-classlist.html	supported	classList.toggle("a") with attribute value " A A A " (HTML node)
dom/nodes/Element-classlist.html	supported	classList.toggle("a") with attribute value " A A A " (MathML node)
dom/nodes/Element-classlist.html	supported	classList.toggle("a") with attribute value " A A A " (XHTML node)
dom/nodes/Element-classlist.html	supported	classList.toggle("a") with attribute value " A A A " (XML node with null namespace)
dom/nodes/Element-classlist.html	supported	classList.toggle("a") with attribute value " A A A " (foo node)
dom/nodes/Element-classlist.html	supported	classList.toggle("a") with attribute value " a a a " (HTML node)
dom/nodes/Element-classlist.html	supported	classList.toggle("a") with attribute value " a a a " (MathML node)
dom/nodes/Element-classlist.html	supported	classList.toggle("a") with attribute value " a a a " (XHTML node)
dom/nodes/Element-classlist.html	supported	classList.toggle("a") with attribute value " a a a " (XML node with null namespace)
dom/nodes/Element-classlist.html	supported	classList.toggle("a") with attribute value " a a a " (foo node)
dom/nodes/Element-classlist.html	supported	classList.toggle("a") with attribute value " a b c " (HTML node)
dom/nodes/Element-classlist.html	supported	classList.toggle("a") with attribute value " a b c " (MathML node)
dom/nodes/Element-classlist.html	supported	classList.toggle("a") with attribute value " a b c " (XHTML node)
dom/nodes/Element-classlist.html	supported	classList.toggle("a") with attribute value " a b c " (XML node with null namespace)
dom/nodes/Element-classlist.html	supported	classList.toggle("a") with attribute value " a b c " (foo node)
dom/nodes/Element-classlist.html	supported	classList.toggle("a") with attribute value "" (HTML node)
dom/nodes/Element-classlist.html	supported	classList.toggle("a") with attribute value "" (MathML node)
dom/nodes/Element-classlist.html	supported	classList.toggle("a") with attribute value "" (XHTML node)
dom/nodes/Element-classlist.html	supported	classList.toggle("a") with attribute value "" (XML node with null namespace)
dom/nodes/Element-classlist.html	supported	classList.toggle("a") with attribute value "" (foo node)
dom/nodes/Element-classlist.html	supported	classList.toggle("a") with attribute value "\\t\\n\\f\\r a\\t\\n\\f\\r b\\t\\n\\f\\r " (HTML node)
dom/nodes/Element-classlist.html	supported	classList.toggle("a") with attribute value "\\t\\n\\f\\r a\\t\\n\\f\\r b\\t\\n\\f\\r " (MathML node)
dom/nodes/Element-classlist.html	supported	classList.toggle("a") with attribute value "\\t\\n\\f\\r a\\t\\n\\f\\r b\\t\\n\\f\\r " (XHTML node)
dom/nodes/Element-classlist.html	supported	classList.toggle("a") with attribute value "\\t\\n\\f\\r a\\t\\n\\f\\r b\\t\\n\\f\\r " (XML node with null namespace)
dom/nodes/Element-classlist.html	supported	classList.toggle("a") with attribute value "\\t\\n\\f\\r a\\t\\n\\f\\r b\\t\\n\\f\\r " (foo node)
dom/nodes/Element-classlist.html	supported	classList.toggle("a") with attribute value "a" (HTML node)
dom/nodes/Element-classlist.html	supported	classList.toggle("a") with attribute value "a" (MathML node)
dom/nodes/Element-classlist.html	supported	classList.toggle("a") with attribute value "a" (XHTML node)
dom/nodes/Element-classlist.html	supported	classList.toggle("a") with attribute value "a" (XML node with null namespace)
dom/nodes/Element-classlist.html	supported	classList.toggle("a") with attribute value "a" (foo node)
dom/nodes/Element-classlist.html	supported	classList.toggle("a") with attribute value null (HTML node)
dom/nodes/Element-classlist.html	supported	classList.toggle("a") with attribute value null (MathML node)
dom/nodes/Element-classlist.html	supported	classList.toggle("a") with attribute value null (XHTML node)
dom/nodes/Element-classlist.html	supported	classList.toggle("a") with attribute value null (XML node with null namespace)
dom/nodes/Element-classlist.html	supported	classList.toggle("a") with attribute value null (foo node)
dom/nodes/Element-classlist.html	supported	classList.toggle("a", false) with attribute value " a a a " (HTML node)
dom/nodes/Element-classlist.html	supported	classList.toggle("a", false) with attribute value " a a a " (MathML node)
dom/nodes/Element-classlist.html	supported	classList.toggle("a", false) with attribute value " a a a " (XHTML node)
dom/nodes/Element-classlist.html	supported	classList.toggle("a", false) with attribute value " a a a " (XML node with null namespace)
dom/nodes/Element-classlist.html	supported	classList.toggle("a", false) with attribute value " a a a " (foo node)
dom/nodes/Element-classlist.html	supported	classList.toggle("a", false) with attribute value "" (HTML node)
dom/nodes/Element-classlist.html	supported	classList.toggle("a", false) with attribute value "" (MathML node)
dom/nodes/Element-classlist.html	supported	classList.toggle("a", false) with attribute value "" (XHTML node)
dom/nodes/Element-classlist.html	supported	classList.toggle("a", false) with attribute value "" (XML node with null namespace)
dom/nodes/Element-classlist.html	supported	classList.toggle("a", false) with attribute value "" (foo node)
dom/nodes/Element-classlist.html	supported	classList.toggle("a", false) with attribute value "\\ra\\na\\ta\\f" (HTML node)
dom/nodes/Element-classlist.html	supported	classList.toggle("a", false) with attribute value "\\ra\\na\\ta\\f" (MathML node)
dom/nodes/Element-classlist.html	supported	classList.toggle("a", false) with attribute value "\\ra\\na\\ta\\f" (XHTML node)
dom/nodes/Element-classlist.html	supported	classList.toggle("a", false) with attribute value "\\ra\\na\\ta\\f" (XML node with null namespace)
dom/nodes/Element-classlist.html	supported	classList.toggle("a", false) with attribute value "\\ra\\na\\ta\\f" (foo node)
dom/nodes/Element-classlist.html	supported	classList.toggle("a", false) with attribute value "\\t\\n\\f\\r a\\t\\n\\f\\r b\\t\\n\\f\\r " (HTML node)
dom/nodes/Element-classlist.html	supported	classList.toggle("a", false) with attribute value "\\t\\n\\f\\r a\\t\\n\\f\\r b\\t\\n\\f\\r " (MathML node)
dom/nodes/Element-classlist.html	supported	classList.toggle("a", false) with attribute value "\\t\\n\\f\\r a\\t\\n\\f\\r b\\t\\n\\f\\r " (XHTML node)
dom/nodes/Element-classlist.html	supported	classList.toggle("a", false) with attribute value "\\t\\n\\f\\r a\\t\\n\\f\\r b\\t\\n\\f\\r " (XML node with null namespace)
dom/nodes/Element-classlist.html	supported	classList.toggle("a", false) with attribute value "\\t\\n\\f\\r a\\t\\n\\f\\r b\\t\\n\\f\\r " (foo node)
dom/nodes/Element-classlist.html	supported	classList.toggle("a", false) with attribute value "a  b  " (HTML node)
dom/nodes/Element-classlist.html	supported	classList.toggle("a", false) with attribute value "a  b  " (MathML node)
dom/nodes/Element-classlist.html	supported	classList.toggle("a", false) with attribute value "a  b  " (XHTML node)
dom/nodes/Element-classlist.html	supported	classList.toggle("a", false) with attribute value "a  b  " (XML node with null namespace)
dom/nodes/Element-classlist.html	supported	classList.toggle("a", false) with attribute value "a  b  " (foo node)
dom/nodes/Element-classlist.html	supported	classList.toggle("a", false) with attribute value "a  b" (HTML node)
dom/nodes/Element-classlist.html	supported	classList.toggle("a", false) with attribute value "a  b" (MathML node)
dom/nodes/Element-classlist.html	supported	classList.toggle("a", false) with attribute value "a  b" (XHTML node)
dom/nodes/Element-classlist.html	supported	classList.toggle("a", false) with attribute value "a  b" (XML node with null namespace)
dom/nodes/Element-classlist.html	supported	classList.toggle("a", false) with attribute value "a  b" (foo node)
dom/nodes/Element-classlist.html	supported	classList.toggle("a", false) with attribute value "a a b a a c a a" (HTML node)
dom/nodes/Element-classlist.html	supported	classList.toggle("a", false) with attribute value "a a b a a c a a" (MathML node)
dom/nodes/Element-classlist.html	supported	classList.toggle("a", false) with attribute value "a a b a a c a a" (XHTML node)
dom/nodes/Element-classlist.html	supported	classList.toggle("a", false) with attribute value "a a b a a c a a" (XML node with null namespace)
dom/nodes/Element-classlist.html	supported	classList.toggle("a", false) with attribute value "a a b a a c a a" (foo node)
dom/nodes/Element-classlist.html	supported	classList.toggle("a", false) with attribute value "a a b" (HTML node)
dom/nodes/Element-classlist.html	supported	classList.toggle("a", false) with attribute value "a a b" (MathML node)
dom/nodes/Element-classlist.html	supported	classList.toggle("a", false) with attribute value "a a b" (XHTML node)
dom/nodes/Element-classlist.html	supported	classList.toggle("a", false) with attribute value "a a b" (XML node with null namespace)
dom/nodes/Element-classlist.html	supported	classList.toggle("a", false) with attribute value "a a b" (foo node)
dom/nodes/Element-classlist.html	supported	classList.toggle("a", false) with attribute value "a b a c a d a" (HTML node)
dom/nodes/Element-classlist.html	supported	classList.toggle("a", false) with attribute value "a b a c a d a" (MathML node)
dom/nodes/Element-classlist.html	supported	classList.toggle("a", false) with attribute value "a b a c a d a" (XHTML node)
dom/nodes/Element-classlist.html	supported	classList.toggle("a", false) with attribute value "a b a c a d a" (XML node with null namespace)
dom/nodes/Element-classlist.html	supported	classList.toggle("a", false) with attribute value "a b a c a d a" (foo node)
dom/nodes/Element-classlist.html	supported	classList.toggle("a", false) with attribute value null (HTML node)
dom/nodes/Element-classlist.html	supported	classList.toggle("a", false) with attribute value null (MathML node)
dom/nodes/Element-classlist.html	supported	classList.toggle("a", false) with attribute value null (XHTML node)
dom/nodes/Element-classlist.html	supported	classList.toggle("a", false) with attribute value null (XML node with null namespace)
dom/nodes/Element-classlist.html	supported	classList.toggle("a", false) with attribute value null (foo node)
dom/nodes/Element-classlist.html	supported	classList.toggle("a", true) with attribute value "   \\f" (HTML node)
dom/nodes/Element-classlist.html	supported	classList.toggle("a", true) with attribute value "   \\f" (MathML node)
dom/nodes/Element-classlist.html	supported	classList.toggle("a", true) with attribute value "   \\f" (XHTML node)
dom/nodes/Element-classlist.html	supported	classList.toggle("a", true) with attribute value "   \\f" (XML node with null namespace)
dom/nodes/Element-classlist.html	supported	classList.toggle("a", true) with attribute value "   \\f" (foo node)
dom/nodes/Element-classlist.html	supported	classList.toggle("a", true) with attribute value "   a  a b" (HTML node)
dom/nodes/Element-classlist.html	supported	classList.toggle("a", true) with attribute value "   a  a b" (MathML node)
dom/nodes/Element-classlist.html	supported	classList.toggle("a", true) with attribute value "   a  a b" (XHTML node)
dom/nodes/Element-classlist.html	supported	classList.toggle("a", true) with attribute value "   a  a b" (XML node with null namespace)
dom/nodes/Element-classlist.html	supported	classList.toggle("a", true) with attribute value "   a  a b" (foo node)
dom/nodes/Element-classlist.html	supported	classList.toggle("a", true) with attribute value " " (HTML node)
dom/nodes/Element-classlist.html	supported	classList.toggle("a", true) with attribute value " " (MathML node)
dom/nodes/Element-classlist.html	supported	classList.toggle("a", true) with attribute value " " (XHTML node)
dom/nodes/Element-classlist.html	supported	classList.toggle("a", true) with attribute value " " (XML node with null namespace)
dom/nodes/Element-classlist.html	supported	classList.toggle("a", true) with attribute value " " (foo node)
dom/nodes/Element-classlist.html	supported	classList.toggle("a", true) with attribute value "" (HTML node)
dom/nodes/Element-classlist.html	supported	classList.toggle("a", true) with attribute value "" (MathML node)
dom/nodes/Element-classlist.html	supported	classList.toggle("a", true) with attribute value "" (XHTML node)
dom/nodes/Element-classlist.html	supported	classList.toggle("a", true) with attribute value "" (XML node with null namespace)
dom/nodes/Element-classlist.html	supported	classList.toggle("a", true) with attribute value "" (foo node)
dom/nodes/Element-classlist.html	supported	classList.toggle("a", true) with attribute value "a a a  b" (HTML node)
dom/nodes/Element-classlist.html	supported	classList.toggle("a", true) with attribute value "a a a  b" (MathML node)
dom/nodes/Element-classlist.html	supported	classList.toggle("a", true) with attribute value "a a a  b" (XHTML node)
dom/nodes/Element-classlist.html	supported	classList.toggle("a", true) with attribute value "a a a  b" (XML node with null namespace)
dom/nodes/Element-classlist.html	supported	classList.toggle("a", true) with attribute value "a a a  b" (foo node)
dom/nodes/Element-classlist.html	supported	classList.toggle("a", true) with attribute value "a b c" (HTML node)
dom/nodes/Element-classlist.html	supported	classList.toggle("a", true) with attribute value "a b c" (MathML node)
dom/nodes/Element-classlist.html	supported	classList.toggle("a", true) with attribute value "a b c" (XHTML node)
dom/nodes/Element-classlist.html	supported	classList.toggle("a", true) with attribute value "a b c" (XML node with null namespace)
dom/nodes/Element-classlist.html	supported	classList.toggle("a", true) with attribute value "a b c" (foo node)
dom/nodes/Element-classlist.html	supported	classList.toggle("a", true) with attribute value "a" (HTML node)
dom/nodes/Element-classlist.html	supported	classList.toggle("a", true) with attribute value "a" (MathML node)
dom/nodes/Element-classlist.html	supported	classList.toggle("a", true) with attribute value "a" (XHTML node)
dom/nodes/Element-classlist.html	supported	classList.toggle("a", true) with attribute value "a" (XML node with null namespace)
dom/nodes/Element-classlist.html	supported	classList.toggle("a", true) with attribute value "a" (foo node)
dom/nodes/Element-classlist.html	supported	classList.toggle("a", true) with attribute value null (HTML node)
dom/nodes/Element-classlist.html	supported	classList.toggle("a", true) with attribute value null (MathML node)
dom/nodes/Element-classlist.html	supported	classList.toggle("a", true) with attribute value null (XHTML node)
dom/nodes/Element-classlist.html	supported	classList.toggle("a", true) with attribute value null (XML node with null namespace)
dom/nodes/Element-classlist.html	supported	classList.toggle("a", true) with attribute value null (foo node)
dom/nodes/Element-classlist.html	supported	classList.toggle("a\\f", false) with attribute value "a\\f" (HTML node)
dom/nodes/Element-classlist.html	supported	classList.toggle("a\\f", false) with attribute value "a\\f" (MathML node)
dom/nodes/Element-classlist.html	supported	classList.toggle("a\\f", false) with attribute value "a\\f" (XHTML node)
dom/nodes/Element-classlist.html	supported	classList.toggle("a\\f", false) with attribute value "a\\f" (XML node with null namespace)
dom/nodes/Element-classlist.html	supported	classList.toggle("a\\f", false) with attribute value "a\\f" (foo node)
dom/nodes/Element-classlist.html	supported	classList.toggle("a\\f", true) with attribute value null (HTML node)
dom/nodes/Element-classlist.html	supported	classList.toggle("a\\f", true) with attribute value null (MathML node)
dom/nodes/Element-classlist.html	supported	classList.toggle("a\\f", true) with attribute value null (XHTML node)
dom/nodes/Element-classlist.html	supported	classList.toggle("a\\f", true) with attribute value null (XML node with null namespace)
dom/nodes/Element-classlist.html	supported	classList.toggle("a\\f", true) with attribute value null (foo node)
dom/nodes/Element-classlist.html	supported	classList.toggle("a\\n", false) with attribute value "a\\n" (HTML node)
dom/nodes/Element-classlist.html	supported	classList.toggle("a\\n", false) with attribute value "a\\n" (MathML node)
dom/nodes/Element-classlist.html	supported	classList.toggle("a\\n", false) with attribute value "a\\n" (XHTML node)
dom/nodes/Element-classlist.html	supported	classList.toggle("a\\n", false) with attribute value "a\\n" (XML node with null namespace)
dom/nodes/Element-classlist.html	supported	classList.toggle("a\\n", false) with attribute value "a\\n" (foo node)
dom/nodes/Element-classlist.html	supported	classList.toggle("a\\n", true) with attribute value null (HTML node)
dom/nodes/Element-classlist.html	supported	classList.toggle("a\\n", true) with attribute value null (MathML node)
dom/nodes/Element-classlist.html	supported	classList.toggle("a\\n", true) with attribute value null (XHTML node)
dom/nodes/Element-classlist.html	supported	classList.toggle("a\\n", true) with attribute value null (XML node with null namespace)
dom/nodes/Element-classlist.html	supported	classList.toggle("a\\n", true) with attribute value null (foo node)
dom/nodes/Element-classlist.html	supported	classList.toggle("a\\r", false) with attribute value "a\\r" (HTML node)
dom/nodes/Element-classlist.html	supported	classList.toggle("a\\r", false) with attribute value "a\\r" (MathML node)
dom/nodes/Element-classlist.html	supported	classList.toggle("a\\r", false) with attribute value "a\\r" (XHTML node)
dom/nodes/Element-classlist.html	supported	classList.toggle("a\\r", false) with attribute value "a\\r" (XML node with null namespace)
dom/nodes/Element-classlist.html	supported	classList.toggle("a\\r", false) with attribute value "a\\r" (foo node)
dom/nodes/Element-classlist.html	supported	classList.toggle("a\\r", true) with attribute value null (HTML node)
dom/nodes/Element-classlist.html	supported	classList.toggle("a\\r", true) with attribute value null (MathML node)
dom/nodes/Element-classlist.html	supported	classList.toggle("a\\r", true) with attribute value null (XHTML node)
dom/nodes/Element-classlist.html	supported	classList.toggle("a\\r", true) with attribute value null (XML node with null namespace)
dom/nodes/Element-classlist.html	supported	classList.toggle("a\\r", true) with attribute value null (foo node)
dom/nodes/Element-classlist.html	supported	classList.toggle("a\\t", false) with attribute value "a\\t" (HTML node)
dom/nodes/Element-classlist.html	supported	classList.toggle("a\\t", false) with attribute value "a\\t" (MathML node)
dom/nodes/Element-classlist.html	supported	classList.toggle("a\\t", false) with attribute value "a\\t" (XHTML node)
dom/nodes/Element-classlist.html	supported	classList.toggle("a\\t", false) with attribute value "a\\t" (XML node with null namespace)
dom/nodes/Element-classlist.html	supported	classList.toggle("a\\t", false) with attribute value "a\\t" (foo node)
dom/nodes/Element-classlist.html	supported	classList.toggle("a\\t", true) with attribute value null (HTML node)
dom/nodes/Element-classlist.html	supported	classList.toggle("a\\t", true) with attribute value null (MathML node)
dom/nodes/Element-classlist.html	supported	classList.toggle("a\\t", true) with attribute value null (XHTML node)
dom/nodes/Element-classlist.html	supported	classList.toggle("a\\t", true) with attribute value null (XML node with null namespace)
dom/nodes/Element-classlist.html	supported	classList.toggle("a\\t", true) with attribute value null (foo node)
dom/nodes/Element-classlist.html	supported	classList.toggle("aa ") with attribute value null (HTML node)
dom/nodes/Element-classlist.html	supported	classList.toggle("aa ") with attribute value null (MathML node)
dom/nodes/Element-classlist.html	supported	classList.toggle("aa ") with attribute value null (XHTML node)
dom/nodes/Element-classlist.html	supported	classList.toggle("aa ") with attribute value null (XML node with null namespace)
dom/nodes/Element-classlist.html	supported	classList.toggle("aa ") with attribute value null (foo node)
dom/nodes/Element-classlist.html	supported	classList.toggle("aa ", false) with attribute value "aa " (HTML node)
dom/nodes/Element-classlist.html	supported	classList.toggle("aa ", false) with attribute value "aa " (MathML node)
dom/nodes/Element-classlist.html	supported	classList.toggle("aa ", false) with attribute value "aa " (XHTML node)
dom/nodes/Element-classlist.html	supported	classList.toggle("aa ", false) with attribute value "aa " (XML node with null namespace)
dom/nodes/Element-classlist.html	supported	classList.toggle("aa ", false) with attribute value "aa " (foo node)
dom/nodes/Element-classlist.html	supported	classList.toggle("aa", false) with attribute value "aa aa bb" (HTML node)
dom/nodes/Element-classlist.html	supported	classList.toggle("aa", false) with attribute value "aa aa bb" (MathML node)
dom/nodes/Element-classlist.html	supported	classList.toggle("aa", false) with attribute value "aa aa bb" (XHTML node)
dom/nodes/Element-classlist.html	supported	classList.toggle("aa", false) with attribute value "aa aa bb" (XML node with null namespace)
dom/nodes/Element-classlist.html	supported	classList.toggle("aa", false) with attribute value "aa aa bb" (foo node)
dom/nodes/Element-classlist.html	supported	classList.toggle("b") with attribute value "   a  a b" (HTML node)
dom/nodes/Element-classlist.html	supported	classList.toggle("b") with attribute value "   a  a b" (MathML node)
dom/nodes/Element-classlist.html	supported	classList.toggle("b") with attribute value "   a  a b" (XHTML node)
dom/nodes/Element-classlist.html	supported	classList.toggle("b") with attribute value "   a  a b" (XML node with null namespace)
dom/nodes/Element-classlist.html	supported	classList.toggle("b") with attribute value "   a  a b" (foo node)
dom/nodes/Element-classlist.html	supported	classList.toggle("b") with attribute value " a b c " (HTML node)
dom/nodes/Element-classlist.html	supported	classList.toggle("b") with attribute value " a b c " (MathML node)
dom/nodes/Element-classlist.html	supported	classList.toggle("b") with attribute value " a b c " (XHTML node)
dom/nodes/Element-classlist.html	supported	classList.toggle("b") with attribute value " a b c " (XML node with null namespace)
dom/nodes/Element-classlist.html	supported	classList.toggle("b") with attribute value " a b c " (foo node)
dom/nodes/Element-classlist.html	supported	classList.toggle("b") with attribute value " a b c b b" (HTML node)
dom/nodes/Element-classlist.html	supported	classList.toggle("b") with attribute value " a b c b b" (MathML node)
dom/nodes/Element-classlist.html	supported	classList.toggle("b") with attribute value " a b c b b" (XHTML node)
dom/nodes/Element-classlist.html	supported	classList.toggle("b") with attribute value " a b c b b" (XML node with null namespace)
dom/nodes/Element-classlist.html	supported	classList.toggle("b") with attribute value " a b c b b" (foo node)
dom/nodes/Element-classlist.html	supported	classList.toggle("b") with attribute value "a" (HTML node)
dom/nodes/Element-classlist.html	supported	classList.toggle("b") with attribute value "a" (MathML node)
dom/nodes/Element-classlist.html	supported	classList.toggle("b") with attribute value "a" (XHTML node)
dom/nodes/Element-classlist.html	supported	classList.toggle("b") with attribute value "a" (XML node with null namespace)
dom/nodes/Element-classlist.html	supported	classList.toggle("b") with attribute value "a" (foo node)
dom/nodes/Element-classlist.html	supported	classList.toggle("b", false) with attribute value " a  b  c " (HTML node)
dom/nodes/Element-classlist.html	supported	classList.toggle("b", false) with attribute value " a  b  c " (MathML node)
dom/nodes/Element-classlist.html	supported	classList.toggle("b", false) with attribute value " a  b  c " (XHTML node)
dom/nodes/Element-classlist.html	supported	classList.toggle("b", false) with attribute value " a  b  c " (XML node with null namespace)
dom/nodes/Element-classlist.html	supported	classList.toggle("b", false) with attribute value " a  b  c " (foo node)
dom/nodes/Element-classlist.html	supported	classList.toggle("b", false) with attribute value "a  b  c" (HTML node)
dom/nodes/Element-classlist.html	supported	classList.toggle("b", false) with attribute value "a  b  c" (MathML node)
dom/nodes/Element-classlist.html	supported	classList.toggle("b", false) with attribute value "a  b  c" (XHTML node)
dom/nodes/Element-classlist.html	supported	classList.toggle("b", false) with attribute value "a  b  c" (XML node with null namespace)
dom/nodes/Element-classlist.html	supported	classList.toggle("b", false) with attribute value "a  b  c" (foo node)
dom/nodes/Element-classlist.html	supported	classList.toggle("b", false) with attribute value "a b b b c" (HTML node)
dom/nodes/Element-classlist.html	supported	classList.toggle("b", false) with attribute value "a b b b c" (MathML node)
dom/nodes/Element-classlist.html	supported	classList.toggle("b", false) with attribute value "a b b b c" (XHTML node)
dom/nodes/Element-classlist.html	supported	classList.toggle("b", false) with attribute value "a b b b c" (XML node with null namespace)
dom/nodes/Element-classlist.html	supported	classList.toggle("b", false) with attribute value "a b b b c" (foo node)
dom/nodes/Element-classlist.html	supported	classList.toggle("b", true) with attribute value "a" (HTML node)
dom/nodes/Element-classlist.html	supported	classList.toggle("b", true) with attribute value "a" (MathML node)
dom/nodes/Element-classlist.html	supported	classList.toggle("b", true) with attribute value "a" (XHTML node)
dom/nodes/Element-classlist.html	supported	classList.toggle("b", true) with attribute value "a" (XML node with null namespace)
dom/nodes/Element-classlist.html	supported	classList.toggle("b", true) with attribute value "a" (foo node)
dom/nodes/Element-classlist.html	supported	classList.toggle("bbb", false) with attribute value "aaa  bbb  ccc" (HTML node)
dom/nodes/Element-classlist.html	supported	classList.toggle("bbb", false) with attribute value "aaa  bbb  ccc" (MathML node)
dom/nodes/Element-classlist.html	supported	classList.toggle("bbb", false) with attribute value "aaa  bbb  ccc" (XHTML node)
dom/nodes/Element-classlist.html	supported	classList.toggle("bbb", false) with attribute value "aaa  bbb  ccc" (XML node with null namespace)
dom/nodes/Element-classlist.html	supported	classList.toggle("bbb", false) with attribute value "aaa  bbb  ccc" (foo node)
dom/nodes/Element-classlist.html	supported	classList.toggle("c") with attribute value " a b  c  " (HTML node)
dom/nodes/Element-classlist.html	supported	classList.toggle("c") with attribute value " a b  c  " (MathML node)
dom/nodes/Element-classlist.html	supported	classList.toggle("c") with attribute value " a b  c  " (XHTML node)
dom/nodes/Element-classlist.html	supported	classList.toggle("c") with attribute value " a b  c  " (XML node with null namespace)
dom/nodes/Element-classlist.html	supported	classList.toggle("c") with attribute value " a b  c  " (foo node)
dom/nodes/Element-classlist.html	supported	classList.toggle("c") with attribute value "\\t\\n\\f\\r a\\t\\n\\f\\r b\\t\\n\\f\\r " (HTML node)
dom/nodes/Element-classlist.html	supported	classList.toggle("c") with attribute value "\\t\\n\\f\\r a\\t\\n\\f\\r b\\t\\n\\f\\r " (MathML node)
dom/nodes/Element-classlist.html	supported	classList.toggle("c") with attribute value "\\t\\n\\f\\r a\\t\\n\\f\\r b\\t\\n\\f\\r " (XHTML node)
dom/nodes/Element-classlist.html	supported	classList.toggle("c") with attribute value "\\t\\n\\f\\r a\\t\\n\\f\\r b\\t\\n\\f\\r " (XML node with null namespace)
dom/nodes/Element-classlist.html	supported	classList.toggle("c") with attribute value "\\t\\n\\f\\r a\\t\\n\\f\\r b\\t\\n\\f\\r " (foo node)
dom/nodes/Element-classlist.html	supported	classList.toggle("c", false) with attribute value " a  b  c " (HTML node)
dom/nodes/Element-classlist.html	supported	classList.toggle("c", false) with attribute value " a  b  c " (MathML node)
dom/nodes/Element-classlist.html	supported	classList.toggle("c", false) with attribute value " a  b  c " (XHTML node)
dom/nodes/Element-classlist.html	supported	classList.toggle("c", false) with attribute value " a  b  c " (XML node with null namespace)
dom/nodes/Element-classlist.html	supported	classList.toggle("c", false) with attribute value " a  b  c " (foo node)
dom/nodes/Element-classlist.html	supported	classList.toggle("c", false) with attribute value "a  b  c" (HTML node)
dom/nodes/Element-classlist.html	supported	classList.toggle("c", false) with attribute value "a  b  c" (MathML node)
dom/nodes/Element-classlist.html	supported	classList.toggle("c", false) with attribute value "a  b  c" (XHTML node)
dom/nodes/Element-classlist.html	supported	classList.toggle("c", false) with attribute value "a  b  c" (XML node with null namespace)
dom/nodes/Element-classlist.html	supported	classList.toggle("c", false) with attribute value "a  b  c" (foo node)
dom/nodes/Element-classlist.html	supported	classList.toggle("c", false) with attribute value "a b c c c" (HTML node)
dom/nodes/Element-classlist.html	supported	classList.toggle("c", false) with attribute value "a b c c c" (MathML node)
dom/nodes/Element-classlist.html	supported	classList.toggle("c", false) with attribute value "a b c c c" (XHTML node)
dom/nodes/Element-classlist.html	supported	classList.toggle("c", false) with attribute value "a b c c c" (XML node with null namespace)
dom/nodes/Element-classlist.html	supported	classList.toggle("c", false) with attribute value "a b c c c" (foo node)
dom/nodes/Element-classlist.html	supported	classList.toggle("c", true) with attribute value "   a  a b" (HTML node)
dom/nodes/Element-classlist.html	supported	classList.toggle("c", true) with attribute value "   a  a b" (MathML node)
dom/nodes/Element-classlist.html	supported	classList.toggle("c", true) with attribute value "   a  a b" (XHTML node)
dom/nodes/Element-classlist.html	supported	classList.toggle("c", true) with attribute value "   a  a b" (XML node with null namespace)
dom/nodes/Element-classlist.html	supported	classList.toggle("c", true) with attribute value "   a  a b" (foo node)
dom/nodes/Element-classlist.html	supported	classList.toggle("c", true) with attribute value "\\t\\n\\f\\r a\\t\\n\\f\\r b\\t\\n\\f\\r " (HTML node)
dom/nodes/Element-classlist.html	supported	classList.toggle("c", true) with attribute value "\\t\\n\\f\\r a\\t\\n\\f\\r b\\t\\n\\f\\r " (MathML node)
dom/nodes/Element-classlist.html	supported	classList.toggle("c", true) with attribute value "\\t\\n\\f\\r a\\t\\n\\f\\r b\\t\\n\\f\\r " (XHTML node)
dom/nodes/Element-classlist.html	supported	classList.toggle("c", true) with attribute value "\\t\\n\\f\\r a\\t\\n\\f\\r b\\t\\n\\f\\r " (XML node with null namespace)
dom/nodes/Element-classlist.html	supported	classList.toggle("c", true) with attribute value "\\t\\n\\f\\r a\\t\\n\\f\\r b\\t\\n\\f\\r " (foo node)
dom/nodes/Element-classlist.html	supported	classList.toggle("d") with attribute value "   a  a b" (HTML node)
dom/nodes/Element-classlist.html	supported	classList.toggle("d") with attribute value "   a  a b" (MathML node)
dom/nodes/Element-classlist.html	supported	classList.toggle("d") with attribute value "   a  a b" (XHTML node)
dom/nodes/Element-classlist.html	supported	classList.toggle("d") with attribute value "   a  a b" (XML node with null namespace)
dom/nodes/Element-classlist.html	supported	classList.toggle("d") with attribute value "   a  a b" (foo node)
dom/nodes/Element-classlist.html	supported	classList.toggle("d") with attribute value "a b c" (HTML node)
dom/nodes/Element-classlist.html	supported	classList.toggle("d") with attribute value "a b c" (MathML node)
dom/nodes/Element-classlist.html	supported	classList.toggle("d") with attribute value "a b c" (XHTML node)
dom/nodes/Element-classlist.html	supported	classList.toggle("d") with attribute value "a b c" (XML node with null namespace)
dom/nodes/Element-classlist.html	supported	classList.toggle("d") with attribute value "a b c" (foo node)
dom/nodes/Element-classlist.html	supported	classList.toggle("d", false) with attribute value "a b  c" (HTML node)
dom/nodes/Element-classlist.html	supported	classList.toggle("d", false) with attribute value "a b  c" (MathML node)
dom/nodes/Element-classlist.html	supported	classList.toggle("d", false) with attribute value "a b  c" (XHTML node)
dom/nodes/Element-classlist.html	supported	classList.toggle("d", false) with attribute value "a b  c" (XML node with null namespace)
dom/nodes/Element-classlist.html	supported	classList.toggle("d", false) with attribute value "a b  c" (foo node)
dom/nodes/Element-classlist.html	supported	classList.toggle("d", true) with attribute value "a b c " (HTML node)
dom/nodes/Element-classlist.html	supported	classList.toggle("d", true) with attribute value "a b c " (MathML node)
dom/nodes/Element-classlist.html	supported	classList.toggle("d", true) with attribute value "a b c " (XHTML node)
dom/nodes/Element-classlist.html	supported	classList.toggle("d", true) with attribute value "a b c " (XML node with null namespace)
dom/nodes/Element-classlist.html	supported	classList.toggle("d", true) with attribute value "a b c " (foo node)
dom/nodes/Element-classlist.html	supported	classList.toggle("d", true) with attribute value "a b c" (HTML node)
dom/nodes/Element-classlist.html	supported	classList.toggle("d", true) with attribute value "a b c" (MathML node)
dom/nodes/Element-classlist.html	supported	classList.toggle("d", true) with attribute value "a b c" (XHTML node)
dom/nodes/Element-classlist.html	supported	classList.toggle("d", true) with attribute value "a b c" (XML node with null namespace)
dom/nodes/Element-classlist.html	supported	classList.toggle("d", true) with attribute value "a b c" (foo node)
dom/nodes/Element-classlist.html	supported	classList.toggle(null) with attribute value "" (HTML node)
dom/nodes/Element-classlist.html	supported	classList.toggle(null) with attribute value "" (MathML node)
dom/nodes/Element-classlist.html	supported	classList.toggle(null) with attribute value "" (XHTML node)
dom/nodes/Element-classlist.html	supported	classList.toggle(null) with attribute value "" (XML node with null namespace)
dom/nodes/Element-classlist.html	supported	classList.toggle(null) with attribute value "" (foo node)
dom/nodes/Element-classlist.html	supported	classList.toggle(null) with attribute value "null" (HTML node)
dom/nodes/Element-classlist.html	supported	classList.toggle(null) with attribute value "null" (MathML node)
dom/nodes/Element-classlist.html	supported	classList.toggle(null) with attribute value "null" (XHTML node)
dom/nodes/Element-classlist.html	supported	classList.toggle(null) with attribute value "null" (XML node with null namespace)
dom/nodes/Element-classlist.html	supported	classList.toggle(null) with attribute value "null" (foo node)
dom/nodes/Element-classlist.html	supported	classList.toggle(null, false) with attribute value "null" (HTML node)
dom/nodes/Element-classlist.html	supported	classList.toggle(null, false) with attribute value "null" (MathML node)
dom/nodes/Element-classlist.html	supported	classList.toggle(null, false) with attribute value "null" (XHTML node)
dom/nodes/Element-classlist.html	supported	classList.toggle(null, false) with attribute value "null" (XML node with null namespace)
dom/nodes/Element-classlist.html	supported	classList.toggle(null, false) with attribute value "null" (foo node)
dom/nodes/Element-classlist.html	supported	classList.toggle(null, true) with attribute value null (HTML node)
dom/nodes/Element-classlist.html	supported	classList.toggle(null, true) with attribute value null (MathML node)
dom/nodes/Element-classlist.html	supported	classList.toggle(null, true) with attribute value null (XHTML node)
dom/nodes/Element-classlist.html	supported	classList.toggle(null, true) with attribute value null (XML node with null namespace)
dom/nodes/Element-classlist.html	supported	classList.toggle(null, true) with attribute value null (foo node)
dom/nodes/Element-classlist.html	supported	classList.toggle(undefined) with attribute value "" (HTML node)
dom/nodes/Element-classlist.html	supported	classList.toggle(undefined) with attribute value "" (MathML node)
dom/nodes/Element-classlist.html	supported	classList.toggle(undefined) with attribute value "" (XHTML node)
dom/nodes/Element-classlist.html	supported	classList.toggle(undefined) with attribute value "" (XML node with null namespace)
dom/nodes/Element-classlist.html	supported	classList.toggle(undefined) with attribute value "" (foo node)
dom/nodes/Element-classlist.html	supported	classList.toggle(undefined) with attribute value "undefined" (HTML node)
dom/nodes/Element-classlist.html	supported	classList.toggle(undefined) with attribute value "undefined" (MathML node)
dom/nodes/Element-classlist.html	supported	classList.toggle(undefined) with attribute value "undefined" (XHTML node)
dom/nodes/Element-classlist.html	supported	classList.toggle(undefined) with attribute value "undefined" (XML node with null namespace)
dom/nodes/Element-classlist.html	supported	classList.toggle(undefined) with attribute value "undefined" (foo node)
dom/nodes/Element-classlist.html	supported	classList.toggle(undefined, false) with attribute value "undefined" (HTML node)
dom/nodes/Element-classlist.html	supported	classList.toggle(undefined, false) with attribute value "undefined" (MathML node)
dom/nodes/Element-classlist.html	supported	classList.toggle(undefined, false) with attribute value "undefined" (XHTML node)
dom/nodes/Element-classlist.html	supported	classList.toggle(undefined, false) with attribute value "undefined" (XML node with null namespace)
dom/nodes/Element-classlist.html	supported	classList.toggle(undefined, false) with attribute value "undefined" (foo node)
dom/nodes/Element-classlist.html	supported	classList.toggle(undefined, true) with attribute value null (HTML node)
dom/nodes/Element-classlist.html	supported	classList.toggle(undefined, true) with attribute value null (MathML node)
dom/nodes/Element-classlist.html	supported	classList.toggle(undefined, true) with attribute value null (XHTML node)
dom/nodes/Element-classlist.html	supported	classList.toggle(undefined, true) with attribute value null (XML node with null namespace)
dom/nodes/Element-classlist.html	supported	classList.toggle(undefined, true) with attribute value null (foo node)
dom/nodes/Element-closest.html	supported	Element.closest with context node 'test1' and selector 'div#test7'
dom/nodes/Element-closest.html	deferred	Element.closest with context node 'test10' and selector ':empty'	Polyfill selector limitation: custom selector subset rejects ':empty'.
dom/nodes/Element-closest.html	deferred	Element.closest with context node 'test11' and selector ':invalid'	Polyfill selector limitation: custom selector subset rejects ':invalid'.
dom/nodes/Element-closest.html	deferred	Element.closest with context node 'test11' and selector ':last-child'	Polyfill selector limitation: custom selector subset rejects ':last-child'.
dom/nodes/Element-closest.html	supported	Element.closest with context node 'test11' and selector '[selected]'
dom/nodes/Element-closest.html	supported	Element.closest with context node 'test12' and selector '.div3 > .div1'
dom/nodes/Element-closest.html	supported	Element.closest with context node 'test12' and selector '.div3 > .div2'
dom/nodes/Element-closest.html	deferred	Element.closest with context node 'test12' and selector ':first-child'	Polyfill selector limitation: custom selector subset rejects ':first-child'.
dom/nodes/Element-closest.html	supported	Element.closest with context node 'test12' and selector '[name="form-a"]'
dom/nodes/Element-closest.html	supported	Element.closest with context node 'test12' and selector 'fieldset > select[required]'
dom/nodes/Element-closest.html	supported	Element.closest with context node 'test12' and selector 'select'
dom/nodes/Element-closest.html	supported	Element.closest with context node 'test13' and selector 'div'
dom/nodes/Element-closest.html	supported	Element.closest with context node 'test13' and selector 'div:not(.div1)'
dom/nodes/Element-closest.html	supported	Element.closest with context node 'test13' and selector 'fieldset'
dom/nodes/Element-closest.html	supported	Element.closest with context node 'test13' and selector 'form[name="form-a"]'
dom/nodes/Element-closest.html	supported	Element.closest with context node 'test3' and selector 'body'
dom/nodes/Element-closest.html	supported	Element.closest with context node 'test3' and selector 'form + form'
dom/nodes/Element-closest.html	deferred	Element.closest with context node 'test4' and selector ':has(> :scope)'	Polyfill selector limitation: custom selector subset rejects ':has(> :scope)'.
dom/nodes/Element-closest.html	deferred	Element.closest with context node 'test4' and selector ':scope'	Polyfill selector limitation: custom selector subset rejects ':scope'.
dom/nodes/Element-closest.html	supported	Element.closest with context node 'test4' and selector '[default]'
dom/nodes/Element-closest.html	supported	Element.closest with context node 'test4' and selector '[selected]'
dom/nodes/Element-closest.html	deferred	Element.closest with context node 'test4' and selector 'div > :scope'	Polyfill selector limitation: custom selector subset rejects 'div > :scope'.
dom/nodes/Element-closest.html	deferred	Element.closest with context node 'test4' and selector 'select > :scope'	Polyfill selector limitation: custom selector subset rejects 'select > :scope'.
dom/nodes/Element-closest.html	supported	Element.closest with context node 'test5' and selector 'form + form'
dom/nodes/Element-closest.html	supported	Element.closest with context node 'test6' and selector 'div.div3'
dom/nodes/Element-closest.html	supported	Element.closest with context node 'test6' and selector 'input + fieldset'
dom/nodes/Element-closest.html	supported	Element.closest with context node 'test9' and selector 'form > input[required]'
dom/nodes/Element-closest.html	supported	Element.closest with context node 'test9' and selector 'input[required]'
dom/nodes/Element-closest.html	supported	Element.closest with context node 'test9' and selector 'select[required]'
dom/nodes/Element-getElementsByTagName.html	supported	Caching is allowed
dom/nodes/Element-getElementsByTagName.html	supported	Element in HTML namespace, no prefix, non-ascii characters in name
dom/nodes/Element-getElementsByTagName.html	supported	Element in HTML namespace, prefix, non-ascii characters in name
dom/nodes/Element-getElementsByTagName.html	supported	Element in non-HTML namespace, no prefix, lowercase name
dom/nodes/Element-getElementsByTagName.html	supported	Element in non-HTML namespace, no prefix, uppercase name
dom/nodes/Element-getElementsByTagName.html	supported	Element in non-HTML namespace, non-ascii characters in name
dom/nodes/Element-getElementsByTagName.html	supported	Element in non-HTML namespace, prefix, lowercase name
dom/nodes/Element-getElementsByTagName.html	supported	Element in non-HTML namespace, prefix, non-ascii characters in name
dom/nodes/Element-getElementsByTagName.html	supported	Element in non-HTML namespace, prefix, uppercase name
dom/nodes/Element-getElementsByTagName.html	supported	HTML element with uppercase tagName never matches in HTML Documents
dom/nodes/Element-getElementsByTagName.html	deferred	Interfaces	Requires `HTMLCollection` and exposed collection constructors.
dom/nodes/Element-getElementsByTagName.html	supported	Matching the context object
dom/nodes/Element-getElementsByTagName.html	deferred	Should be able to set expando shadowing a proto prop (item)	Requires `HTMLCollection.prototype.item`.
dom/nodes/Element-getElementsByTagName.html	deferred	Should be able to set expando shadowing a proto prop (namedItem)	Requires `HTMLCollection.prototype.namedItem`.
dom/nodes/Element-getElementsByTagName.html	deferred	Shouldn't be able to set unsigned properties on a HTMLCollection (non-strict mode)	Requires Web IDL indexed `HTMLCollection` properties.
dom/nodes/Element-getElementsByTagName.html	deferred	Shouldn't be able to set unsigned properties on a HTMLCollection (strict mode)	Requires Web IDL indexed `HTMLCollection` properties.
dom/nodes/Element-getElementsByTagName.html	deferred	getElementsByTagName('*')	Requires `Node.ELEMENT_NODE` constant support.
dom/nodes/Element-getElementsByTagName.html	deferred	getElementsByTagName() should be a live collection	Requires a live `HTMLCollection`.
dom/nodes/Element-getElementsByTagName.html	deferred	hasOwnProperty, getOwnPropertyDescriptor, getOwnPropertyNames	Requires `HTMLCollection` named property semantics.
dom/nodes/Element-matches-namespaced-elements.html	supported	empty string namespace, matches
dom/nodes/Element-matches-namespaced-elements.html	deferred	empty string namespace, webkitMatchesSelector	Polyfill limitation: Element.webkitMatchesSelector is not exposed.
dom/nodes/Element-matches-namespaced-elements.html	deferred	has a namespace, *|, matches	Polyfill selector limitation: namespace-qualified selectors such as *|h are unsupported.
dom/nodes/Element-matches-namespaced-elements.html	deferred	has a namespace, *|, webkitMatchesSelector	Polyfill limitation: Element.webkitMatchesSelector is not exposed.
dom/nodes/Element-matches-namespaced-elements.html	supported	has a namespace, matches
dom/nodes/Element-matches-namespaced-elements.html	deferred	has a namespace, webkitMatchesSelector	Polyfill limitation: Element.webkitMatchesSelector is not exposed.
dom/nodes/attributes-namednodemap.html	supported	an attribute set by setAttribute should be accessible as a field on the `attributes` field of an Element
dom/nodes/attributes-namednodemap.html	supported	an attribute with a null namespace should be accessible as a field on the `attributes` field of an Element
dom/nodes/attributes-namednodemap.html	supported	an attribute with a set namespace should be accessible as a field on the `attributes` field of an Element
dom/nodes/attributes-namednodemap.html	deferred	setNamedItem and removeNamedItem on `attributes` should add and remove fields from `attributes`	Requires `Document.createAttribute()`.
dom/nodes/attributes-namednodemap.html	deferred	setNamedItem and removeNamedItem on `attributes` should not interfere with existing method names	Requires `Document.createAttribute()` and an exposed `NamedNodeMap` constructor.
dom/nodes/attributes-namednodemap.html	supported	setting an attribute should not overwrite the length property of an `NamedNodeMap` object
dom/nodes/attributes-namednodemap.html	supported	setting an attribute should not overwrite the methods defined by prototype ancestors of an `NamedNodeMap` object
dom/nodes/attributes-namednodemap.html	supported	setting an attribute should not overwrite the methods of an `NamedNodeMap` object
dom/nodes/getElementsByClassName-19.htm	supported	get elements in document
dom/nodes/getElementsByClassName-23.htm	supported	multiple defined classes
dom/nodes/getElementsByClassName-24.htm	supported	handle unicode chars
dom/nodes/getElementsByClassName-29.htm	supported	get class from children of element
dom/nodes/getElementsByClassName-empty-set.html	supported	Passing a space to getElementsByClassName should return an empty HTMLCollection
dom/nodes/getElementsByClassName-empty-set.html	supported	Passing an empty string to getElementsByClassName should return an empty HTMLCollection
dom/nodes/getElementsByClassName-empty-set.html	supported	Passing three spaces to getElementsByClassName should return an empty HTMLCollection
dom/nodes/getElementsByClassName-whitespace-class-names.html	supported	Passing a EM QUAD to getElementsByClassName still finds the span
dom/nodes/getElementsByClassName-whitespace-class-names.html	supported	Passing a EM SPACE to getElementsByClassName still finds the span
dom/nodes/getElementsByClassName-whitespace-class-names.html	supported	Passing a EN QUAD to getElementsByClassName still finds the span
dom/nodes/getElementsByClassName-whitespace-class-names.html	supported	Passing a EN SPACE to getElementsByClassName still finds the span
dom/nodes/getElementsByClassName-whitespace-class-names.html	supported	Passing a FIGURE SPACE to getElementsByClassName still finds the span
dom/nodes/getElementsByClassName-whitespace-class-names.html	supported	Passing a FOUR-PER-EM SPACE to getElementsByClassName still finds the span
dom/nodes/getElementsByClassName-whitespace-class-names.html	supported	Passing a HAIR SPACE to getElementsByClassName still finds the span
dom/nodes/getElementsByClassName-whitespace-class-names.html	supported	Passing a IDEOGRAPHIC SPACE to getElementsByClassName still finds the span
dom/nodes/getElementsByClassName-whitespace-class-names.html	supported	Passing a LINE SEPARATOR to getElementsByClassName still finds the span
dom/nodes/getElementsByClassName-whitespace-class-names.html	supported	Passing a LINE TABULATION to getElementsByClassName still finds the span
dom/nodes/getElementsByClassName-whitespace-class-names.html	supported	Passing a MEDIUM MATHEMATICAL SPACE to getElementsByClassName still finds the span
dom/nodes/getElementsByClassName-whitespace-class-names.html	supported	Passing a MONGOLIAN VOWEL SEPARATOR to getElementsByClassName still finds the span
dom/nodes/getElementsByClassName-whitespace-class-names.html	supported	Passing a NARROW NO-BREAK SPACE to getElementsByClassName still finds the span
dom/nodes/getElementsByClassName-whitespace-class-names.html	supported	Passing a NEXT LINE to getElementsByClassName still finds the span
dom/nodes/getElementsByClassName-whitespace-class-names.html	supported	Passing a NO-BREAK SPACE to getElementsByClassName still finds the span
dom/nodes/getElementsByClassName-whitespace-class-names.html	supported	Passing a OGHAM SPACE MARK to getElementsByClassName still finds the span
dom/nodes/getElementsByClassName-whitespace-class-names.html	supported	Passing a PARAGRAPH SEPARATOR to getElementsByClassName still finds the span
dom/nodes/getElementsByClassName-whitespace-class-names.html	supported	Passing a PUNCTUATION SPACE to getElementsByClassName still finds the span
dom/nodes/getElementsByClassName-whitespace-class-names.html	supported	Passing a SIX-PER-EM SPACE to getElementsByClassName still finds the span
dom/nodes/getElementsByClassName-whitespace-class-names.html	supported	Passing a THIN SPACE to getElementsByClassName still finds the span
dom/nodes/getElementsByClassName-whitespace-class-names.html	supported	Passing a THREE-PER-EM SPACE to getElementsByClassName still finds the span
dom/nodes/getElementsByClassName-whitespace-class-names.html	supported	Passing a WORD JOINER to getElementsByClassName still finds the span
dom/nodes/getElementsByClassName-whitespace-class-names.html	supported	Passing a ZERO WIDTH JOINER to getElementsByClassName still finds the span
dom/nodes/getElementsByClassName-whitespace-class-names.html	supported	Passing a ZERO WIDTH NON-BREAKING SPACE to getElementsByClassName still finds the span
dom/nodes/getElementsByClassName-whitespace-class-names.html	supported	Passing a ZERO WIDTH NON-JOINER to getElementsByClassName still finds the span
dom/nodes/getElementsByClassName-whitespace-class-names.html	supported	Passing a ZERO WIDTH SPACE to getElementsByClassName still finds the span
html/dom/documents/dom-tree-accessors/Document.getElementsByClassName-null-undef.html	supported	getElementsByClassName and null/undefined
html/dom/documents/dom-tree-accessors/Element.getElementsByClassName-null-undef.html	supported	getElementsByClassName and null/undefined
html/dom/elements/global-attributes/dataset-delete.html	supported	Deleting element.dataset[''] should also remove an attribute with name 'data-' should it exist.
html/dom/elements/global-attributes/dataset-delete.html	supported	Deleting element.dataset['-'] should also remove an attribute with name 'data--' should it exist.
html/dom/elements/global-attributes/dataset-delete.html	supported	Deleting element.dataset['-Foo'] should also remove an attribute with name 'data---foo' should it exist.
html/dom/elements/global-attributes/dataset-delete.html	supported	Deleting element.dataset['-foo'] should not remove an attribute with name 'data--foo' should it exist.
html/dom/elements/global-attributes/dataset-delete.html	supported	Deleting element.dataset['Foo'] should also remove an attribute with name 'data--foo' should it exist.
html/dom/elements/global-attributes/dataset-delete.html	supported	Deleting element.dataset['foo'] should also remove an attribute with name 'data-foo' should it exist.
html/dom/elements/global-attributes/dataset-delete.html	supported	Deleting element.dataset['foo'] should not throw if even if the element does now have an attribute with the name data-foo.
html/dom/elements/global-attributes/dataset-delete.html	supported	Deleting element.dataset['fooBar'] should also remove an attribute with name 'data-foo-bar' should it exist.
html/dom/elements/global-attributes/dataset-delete.html	supported	Deleting element.dataset['à'] should also remove an attribute with name 'data-à' should it exist.
html/dom/elements/global-attributes/dataset-enumeration.html	supported	A dataset should be enumeratable.
html/dom/elements/global-attributes/dataset-enumeration.html	supported	Only attributes who qualify as dataset properties should be enumeratable in the dataset.
html/dom/elements/global-attributes/dataset-get.html	supported	Getting element.dataset[''] should return the value of element.getAttribute('data-')'
html/dom/elements/global-attributes/dataset-get.html	supported	Getting element.dataset['-'] should return the value of element.getAttribute('data--')'
html/dom/elements/global-attributes/dataset-get.html	supported	Getting element.dataset['-Foo'] should return the value of element.getAttribute('data---foo')'
html/dom/elements/global-attributes/dataset-get.html	supported	Getting element.dataset['Foo'] should return the value of element.getAttribute('data--foo')'
html/dom/elements/global-attributes/dataset-get.html	supported	Getting element.dataset['foo'] should return the value of element.getAttribute('data-Foo')'
html/dom/elements/global-attributes/dataset-get.html	supported	Getting element.dataset['foo'] should return the value of element.getAttribute('data-foo')'
html/dom/elements/global-attributes/dataset-get.html	supported	Getting element.dataset['fooBar'] should return the value of element.getAttribute('data-foo-bar')'
html/dom/elements/global-attributes/dataset-get.html	supported	Getting element.dataset['toString'] should return the value of element.getAttribute('data-to-string')'
html/dom/elements/global-attributes/dataset-get.html	supported	Getting element.dataset['à'] should return the value of element.getAttribute('data-à')'
html/dom/elements/global-attributes/dataset-get.html	supported	Tests that an attribute named dataFoo does not make an entry in the dataset DOMStringMap.
html/dom/elements/global-attributes/dataset-set.html	supported	Setting element.dataset[''] should also change the value of element.getAttribute('data-')
html/dom/elements/global-attributes/dataset-set.html	supported	Setting element.dataset['-'] should also change the value of element.getAttribute('data--')
html/dom/elements/global-attributes/dataset-set.html	supported	Setting element.dataset['-Foo'] should also change the value of element.getAttribute('data---foo')
html/dom/elements/global-attributes/dataset-set.html	supported	Setting element.dataset['-foo'] should throw a SYNTAX_ERR
html/dom/elements/global-attributes/dataset-set.html	supported	Setting element.dataset['Foo'] should also change the value of element.getAttribute('data--foo')
html/dom/elements/global-attributes/dataset-set.html	supported	Setting element.dataset['foo '] should throw an INVALID_CHARACTER_ERR
html/dom/elements/global-attributes/dataset-set.html	supported	Setting element.dataset['foo'] should also change the value of element.getAttribute('data-foo')
html/dom/elements/global-attributes/dataset-set.html	supported	Setting element.dataset['fooBar'] should also change the value of element.getAttribute('data-foo-bar')
html/dom/elements/global-attributes/dataset-set.html	supported	Setting element.dataset['à'] should also change the value of element.getAttribute('data-à')
html/dom/elements/global-attributes/dataset-set.html	supported	Setting element.dataset[';foo'] should not throw.
html/dom/elements/global-attributes/dataset-set.html	supported	Setting element.dataset['ெfoo'] should also change the value of element.getAttribute('ெfoo')
